NOM;DOSAGE1;FORME
URO / EAU POUR IRRIGATION;3000;SOLUTION POUR IRRIGATION
ELOXATINE 5 MG/ML;200;SOLUTION A DILUER POUR PERFUSION
ELOXATINE 5 MG/ML;200;SOLUTION A DILUER POUR PERFUSION
VIVALAN;100;COMPRIME PELLICULE
ZADRYL;1;SOLUTION BUVABLE
MYNAZOL;50;GELULE
ALFACEFAL 125 MG/5 ML;1.5;POUDRE POUR SUSPENSION BUVABLE
NOCAND 50 MG;50;GELULE
MEDIATOR;150;COMPRIME ENROBE
GASTROLIBER;30;GELULE GASTRO-RESISTANTE
CLOFENE;25;COMPRIME ENROBE GASTRO-RESISTANT
ZELDOX;40;GELULE
TRIFLUCAN;2;SOLUTION POUR PERFUSION
AVT;600 / 5;SUPPOSITOIRE
KLONOPIN;2;COMPRIME QUADRISECABLE
HYDROXO 5000;5000;SOLUTION INJECTABLE
DISPAMOX;500;COMPRIME DISPERSIBLE
MUSARIL;50;COMPRIME ENROBE
PRETERAX;0.625 / 2;COMPRIME SECABLE
CLAFORAN;1;POUDRE POUR SOLUTION INJECTABLE
RHINOFEBRAL;240 / 3.2;GELULE
RIFASONE;0.25 / 1;POMMADE
FLUIBRON;0.3;SOLUTION BUVABLE
AMOXIL;500;POUDRE POUR SUSPENSION BUVABLE
BENCLAMID;5;COMPRIME
UNASYN;1 / 0.5;POUDRE POUR SOLUTION INJECTABLE
LASILIX;20;SOLUTION INJECTABLE
DILATOR;2.5;SOLUTION POUR INHALATION PAR NEBULISEUR
DILATOR;2.5;SOLUTION POUR INHALATION PAR NEBULISEUR
FORMOFTIL;0.05;COLLYRE
GENTAGAM 120;120;SOLUTION INJECTABLE
UMILINE PROFIL 30 PEN;100;SUSPENSION INJECTABLE INTERMEDIAIRE
BIRODOGYL;1.5 / 250;COMPRIME PELLICULE
GLEMA;2;COMPRIME
SALAZOPYRIN;500;COMPRIME ENROBE GASTRO-RESISTANT
XANTHIUM LP;300;GELULE LP
AIRLIX;1;SOLUTION BUVABLE
GYNOMYK;100;OVULE
AVASTIN;100;SOLUTION A DILUER POUR PERFUSION
FLUMAX 6000 UI ANTI-XA/0.6ML;6000;SOLUTION INJECTABLE
PARAPLATINE;50;SOLUTION POUR PERFUSION
TRIFAX IV;500;POUDRE POUR SOLUTION INJECTABLE
GLUCOVANCE;500 / 2.5;COMPRIME PELLICULE
IXOR;10;COMPRIME EFFERVESCENT
PENICILLINE G 1 M UI DIAMANT;1;POUDRE POUR SOLUTION INJECTABLE
DIPRIVAN;500;EMULSION INJECTABLE
NEORAL;100;SOLUTION BUVABLE
XANTHIUM LP;200;GELULE LP
AGIDERM;2;POMMADE
GYNO CANESTEN;1;CREME VAGINALE
CIPRO LP 500 MG;500;COMPRIME PELLICULE LP
CIFLOXINE;500;COMPRIME ENROBE GASTRO-RESISTANT
SUPRIMASE;150;GELULE
MEDIVEINE;300;COMPRIME PELLICULE
PURSENNIDE;20;COMPRIME ENROBE
IDEOS;500 / 400;COMPRIME A SUCER
NORMACOL LAVEMENT AD;23.66 / 10.4;SOLUTION RECTALE
CRESTOR;5;COMPRIME PELLICULE
CRESTOR;5;COMPRIME PELLICULE
INHIBACE;5;COMPRIME PELLICULE
DIAMICRON;80;COMPRIME SECABLE
TEGRETOL;200;COMPRIME SECABLE
ANDOL;500;COMPRIME
ZECLAR;250;COMPRIME PELLICULE
OREX;250;GRANULE POUR SUSPENSION BUVABLE
REVLIMID 25 MG;25;GELULE
FENAC;50;COMPRIME GASTRO-RESISTANT
LIPISTAT;40;COMPRIME ENROBE
LIPISTAT;40;COMPRIME ENROBE
CALCIBRONAT;13.3;SIROP
VITA C 1000;1;COMPRIME EFFERVESCENT
DUPHALAC;66.5;SOLUTION BUVABLE
CIALIS;20;COMPRIME PELLICULE
EPHEDRYL;2.5 / 25;SOLUTION BUVABLE
ECLARAN;5;GEL
COQUELUSEDAL NOURRISSON;10/10/5;SUPPOSITOIRE
NICOPASS 1.5 MG SANS SUCRE REGLISSE MENTHE;1.5;PASTILLE A SUCER
MICROPAKINE LP 100 MG;100;GRANULE LP
MICROPAKINE LP 100 MG;100;GRANULE LP
CYTARABINE EBEWE;100;SOLUTION POUR PERFUSION
FLEET PHOSPHO-SODA;10.8 / 24.4;SOLUTION BUVABLE
NEOMOX;250;POUDRE POUR SUSPENSION BUVABLE
ANEXATE 0.5 MG / 5 ML;0.5;SOLUTION INJECTABLE
RECOFOL;10;EMULSION INJECTABLE
TOBRADEX;3 / 1;POMMADE OPHTALMIQUE
BAITANET G;10;SOLUTION GYNECOLOGIQUE
CARDIX;6.25;COMPRIME SECABLE
CLARELUX 500 µG;500;MOUSSE
BISOLVON;0.2;SOLUTION BUVABLE
ANAFRANIL;25;COMPRIME ENROBE
AROMASINE;25;COMPRIME ENROBE
CLARADOL PLUS;250 / 150;COMPRIME
VANTEC;10;COMPRIME ENROBE SECABLE
VANTEC;10;COMPRIME ENROBE SECABLE
CEFOTRIM;500;POUDRE POUR SOLUTION INJECTABLE
ACIVIR;0.1;CREME
MADECASSOL;1;POMMADE
MITOSYL IRRITATIONS;13 / 17.55;POMMADE
PANOXYL;5;GEL
MICROVAL;0.03;COMPRIME ENROBE
LAMICTAL;5;COMPRIME DISPERSIBLE
GYNERGENE CAFEINE;1 / 100;COMPRIME
ADRENALINE 0,50 MG;0.5;SOLUTION INJECTABLE
SPASMOPRIV;200;COMPRIME SECABLE
COVERSYL;4;COMPRIME SECABLE
ZOMIG;2.5;COMPRIME PELLICULE
GENHEVAC B;;POUDRE POUR SUSPENSION INJECTABLE
DIMAZOL;10;COMPRIME
DIMAZOL;10;COMPRIME
LUMIGAN 0.3MG/ML;0.3;COLLYRE
MOSCONTIN;60;COMPRIME LP
PENAMOX;500;GELULE
GENTOSYL;40;SOLUTION INJECTABLE
CIPROFLOXACINE WIN 250 MG;250;COMPRIME PELLICULE
PAROXETINE GT 20 MG;20;COMPRIME PELLICULE
PARAPSYLLIUM;33.33 / 33.33;POUDRE POUR SUSPENSION BUVABLE
ZOLOFT;50;GELULE
SEROHALE 50 µG;25 / 50;SUSPENSION POUR INHALATION BUCCALE
SEROHALE 50 µG;25 / 50;SUSPENSION POUR INHALATION BUCCALE
ZOMETA;4;SOLUTION A DILUER POUR PERFUSION
BUTAMYL;1;SUPPOSITOIRE
ANTISTAPH / PENISTAPH;500;GELULE
TOTAPEN;1;POUDRE POUR SOLUTION INJECTABLE
BRONCOTEC;12;GELULE INHALEE
AMOXIL;500;POUDRE POUR SOLUTION INJECTABLE
CEBESINE;0.4;COLLYRE
CHEMOSET;8;COMPRIME PELLICULE
ZOFRAN;8;SOLUTION INJECTABLE
METROZAL;500;OVULE
TRE-ZEN 20 MG;20;COMPRIME SECABLE
ULTRAVIST;370;SOLUTION INJECTABLE
AMOXIL;500;COMPRIME DISPERSIBLE
OESTRODOSE;0.06;GEL
OESTRODOSE;0.06;GEL
SPIRIVA;18;GELULE INHALEE
SPIRIVA;18;GELULE INHALEE
VITRIMIX KV *;;PREPARATION INJECTABLE POUR PERFUSION
NOCOL;40;COMPRIME PELLICULE
DISPAMOX 250 MG;250;POUDRE POUR SUSPENSION BUVABLE
INTRONA;18;SOLUTION INJECTABLE
AZITHRIX;200;POUDRE POUR SUSPENSION BUVABLE
AZIX;500;COMPRIME PELLICULE
SYNNAX;5;COMPRIME DISPERSIBLE
SYNNAX;5;COMPRIME DISPERSIBLE
NOZINAN;25;COMPRIME PELLICULE SECABLE
STILNOX CR;12.5;COMPRIME PELLICULE SECABLE
STILNOX CR;12.5;COMPRIME PELLICULE SECABLE
RAZON 40 MG;40;COMPRIME ENROBE GASTRO-RESISTANT
ORGALUTRAN;0.25;SOLUTION INJECTABLE
XALATAN;0.005;COLLYRE
CEFTAJECT I.M 500 MG/2ML;500;POUDRE POUR SOLUTION INJECTABLE
CEFTAJECT I.M 500 MG/2ML;500;POUDRE POUR SOLUTION INJECTABLE
GLIDIABET;5;COMPRIME SECABLE
OSCILLOCCINUM;;GLOBULE
THIAZILIX;2.5;COMPRIME PELLICULE
BISPIRAZOLE;1.5 / 250;COMPRIME ENROBE
LACIPIL;2;COMPRIME ENROBE
RETROVIR;50;SOLUTION BUVABLE
OKA-ETOPOSIDE;100;SOLUTION A DILUER POUR PERFUSION
ORADEXON;0.5;COMPRIME SECABLE
NEOFORTAN 40MG;40;COMPRIME EFFERVESCENT
DIALYSE PERITONEALE BIEFFE FORMULE 55;;SOLUTION POUR DIALYSE PERITONEALE
UN-ALFA 1 µG;1;CAPSULE
UN-ALFA 1 µG;1;CAPSULE
PENAMOX;500;POUDRE POUR SOLUTION INJECTABLE
IMIZINE 10%;10;PATE DENTAIRE
TRUSOPT;2;COLLYRE
ZOLADEX 10.8 MG;10.8;IMPLANT INJECTABLE
MEDIVEINE;600;COMPRIME PELLICULE
ZANTAC;75;COMPRIME EFFERVESCENT
QUIETUDE;;SIROP
RECOFOL;10;EMULSION INJECTABLE
NICOPATCH;14;DISPOSITIF TRANSDERMIQUE
NICOPATCH;21;DISPOSITIF TRANSDERMIQUE
HIBOR 10000 UI ANTI XA;10000;SOLUTION INJECTABLE
PANFUREX;4;SUSPENSION BUVABLE
CEFTRIAXONE MYLAN IV 500 MG/5 ML;500;POUDRE POUR SOLUTION INJECTABLE
CARDINOR;6.25;COMPRIME
CARDINOR;6.25;COMPRIME
AMUCHIN 10;0.11 / 1.8;SOLUTION POUR APPLICATION LOCALE
TAVANIC;500;SOLUTION POUR PERFUSION
DAILY GÉ;0.05 / 0.03;COMPRIME ENROBE
CIPROFLOXACINE MYLAN 200 MG/100 ML;200;SOLUTION POUR PERFUSION
RHINATHIOL ENFANT ET NOURRISSON;2;SIROP
FOLINATE DE CALCIUM AGUETTANT 50 MG;50;POUDRE POUR SOLUTION INJECTABLE
R.O.R / TRIMOVAX;;POUDRE POUR SUSPENSION INJECTABLE
SOLIAN 100 MG/ML;100;SOLUTION BUVABLE
SOLIAN 100 MG/ML;100;SOLUTION BUVABLE
ZILDAM;20;SUPPOSITOIRE
TAREG;80;COMPRIME PELLICULE
GYNO CANESTEN;200;COMPRIME GYNECOLOGIQUE
HEMOPUR AC1;;SOLUTION POUR HEMODIALYSE
EQUORAL;50;CAPSULE MOLLE
ACTIVAROL C100;100 / 0.003;SOLUTION BUVABLE
PRAVATOR;20;COMPRIME SECABLE
GONAL-F 150 UI;150;POUDRE POUR SOLUTION INJECTABLE
A-GRAM;250;POUDRE POUR SUSPENSION BUVABLE
NASACORT;55;SUSPENSION POUR PULVERISATION NASALE
SOTALEX;160;COMPRIME SECABLE
CLIMASTON;1 / 5;COMPRIME PELLICULE
ACEPRIL;2;COMPRIME
ACEPRIL;2;COMPRIME
LORAZEPAM PHARMA;2.5;COMPRIME
CO-OLMETEC;20 / 12.5;COMPRIME PELLICULE
CO-OLMETEC;20 / 12.5;COMPRIME PELLICULE
IMODIUM;2;GELULE
TETRAXIM;;PREPARATION INJECTABLE
GELUPRANE;500;GELULE
LETROZOL GT;2.5;COMPRIME SECABLE
LETROZOL GT;2.5;COMPRIME SECABLE
MELIX;5;COMPRIME
CLAVULIN;1 / 200;POUDRE POUR SOLUTION INJECTABLE
NOLVADEX;10;COMPRIME PELLICULE
SANDOSTATINE *;100;SOLUTION INJECTABLE
BIAFINE;0.67;EMULSION POUR APPLICATION LOCALE
SUPRIMASE;50;GELULE
UNASYN;375;COMPRIME ENROBE
FOLINATE DE CALCIUM AGUETTANT 50 MG;50;POUDRE POUR SOLUTION INJECTABLE
SINGULAIR;4;GRANULE
ELOXATINE 5 MG/ML;50;POUDRE POUR SOLUTION POUR PERFUSION
SANDOCAL;500;POUDRE POUR SUSPENSION BUVABLE
TOPAAL;200 / 30;COMPRIME A CROQUER
STIMOL;1;SOLUTION BUVABLE
OSSOPAN;600;COMPRIME PELLICULE
INALAP 5 MG;5;COMPRIME
VACCIN ATNTIDIPHTERIQUE ANTITETANIQUE;;PREPARATION INJECTABLE
NOMYC;150;GELULE
NOMYC;150;GELULE
CORTIVENT;50;SUSPENSION POUR INHALATION
CORTIVENT;50;SUSPENSION POUR INHALATION
CATAFLAM;50;COMPRIME ENROBE
OXONE 1G/5 ML IM;1;POUDRE POUR PREPARATION INJECTABLE
SULFOBACTIN;500;COMPRIME
TRIATEC;1.25;COMPRIME SECABLE
CANDICID;150;GELULE
TRINOMYC;2;SOLUTION POUR PERFUSION
SPASMAG;1.2 / 100;SOLUTION BUVABLE
DOXINE;100;COMPRIME ENROBE
GONAL-F 150 UI;150;POUDRE POUR SOLUTION INJECTABLE
DOPAMINE AGUETTANT 40MG/ML;40;SOLUTION POUR PERFUSION
AVIRANZ;200;GELULE
CISPLATINE EBEWE;50;SOLUTION POUR PERFUSION
ALGANTIL;200;COMPRIME ENROBE
GASTROGRAFINE;370;SOLUTION BUVABLE OU RECTALE
TILCOTIL;20;SUPPOSITOIRE
PREMOCEFAL;500;POUDRE POUR SUSPENSION BUVABLE
MIBRAL;5;COMPRIME
SOLIAN 100 MG;100;COMPRIME SECABLE
SOLIAN 100 MG;100;COMPRIME SECABLE
COLPOTROPHINE;10;CAPSULE VAGINALE
CARTEOL LP;1;COLLYRE LP
BREXIN;20;COMPRIME EFFERVESCENT
SALBUMOL;0.5;SOLUTION INJECTABLE
MEZOR 20 MG;20;GELULE GASTRO-RESISTANTE
BEROCCA;;COMPRIME EFFERVESCENT
ROXAM;20;SOLUTION INJECTABLE
DECAPEPTYL LP;11.25;POUDRE POUR SOLUTION INJECTABLE
GRISEO SALICYLEE;5 / 3;POMMADE
DECAPEPTYL LP;3.75;POUDRE POUR SUSPENSION INJECTABLE
NOCOL;40;COMPRIME PELLICULE
IBUPHIL;2;SIROP
CEPHYL;;COMPRIME
RISPERDAL;2;COMPRIME PELLICULE SECABLE
RISPERDAL;2;COMPRIME PELLICULE SECABLE
TOPSYNE APG;0.05;POMMADE
LAMISIL;1;CREME
LANTUS;100;SOLUTION INJECTABLE LP
DIPROSALIC;15 / 900;POMMADE
CIPROXINE;100;SOLUTION POUR PERFUSION
MODURETIC;5 / 50;COMPRIME SECABLE
SYSTRAL;15;CREME
SYSTRAL C;20 / 50;COMPRIME DRAGEIFIE
ACLASTA 5MG/100ML;5;SOLUTION POUR PERFUSION
ACLASTA 5MG/100ML;5;SOLUTION POUR PERFUSION
PUREGON;50;POUDRE POUR SOLUTION INJECTABLE
BACTOX;500;PREPARATION INJECTABLE
AVOCOMB;150 / 300;COMPRIME PELLICULE
AVOCOMB;150 / 300;COMPRIME PELLICULE
ISOLONE;50;COMPRIME
STRATTERA 40 MG;40;GELULE
INSULINE MIXTARD 30 HM PENFILL;100;SUSPENSION INJECTABLE INTERMEDIAIRE
GONAL-F 1050 UI;1050;POUDRE POUR SOLUTION INJECTABLE
GONAL-F 1050 UI;1050;POUDRE POUR SOLUTION INJECTABLE
OXIFLOR;200;COMPRIME PELLICULE
INNOHEP 10 000 UI ANTI-XA/0,5 ML;20000;SOLUTION INJECTABLE
OXALIPLATINE WIN 5 MG/ML;50;POUDRE POUR SOLUTION POUR PERFUSION
PECTRYL;40 / 4;SIROP
GENTAMICINE LLORENTE;120;SOLUTION INJECTABLE
THIOPENTAL BIOCHEMIE;1;POUDRE POUR PREPARATION INJECTABLE
ANTINOREX;4;COMPRIME
ELUDRIL;50 / 15;COLLUTOIRE
STOCRIN;600;COMPRIME ENROBE
MOBIC;15;SUPPOSITOIRE
ABBOTICINE;200;GRANULE POUR SUSPENSION BUVABLE
STARMOX;500;COMPRIME DISPERSIBLE
ORACILLINE;1;COMPRIME SECABLE
TROXINE;300;COMPRIME PELLICULE
AVANDAMET;1 / 500;COMPRIME PELLICULE
AVANDAMET;1 / 500;COMPRIME PELLICULE
ALVITYL;;COMPRIME ENROBE
MUCOSTEINE;5;SIROP
OTRIVINE;0.1;SOLUTION POUR PULVERISATION NASALE
REVOLADE 50MG;50;COMPRIME PELLICULE
BACTRIM;400 / 80;SOLUTION POUR PERFUSION
TRIGYNON;0.05 / 0.03;COMPRIME ENROBE
MENCEVAX AC;;PREPARATION INJECTABLE
TENOCAN;100;COMPRIME
THEOSTAT LP;100;COMPRIME SECABLE LP
DICLOMAX;75;GELULE LP
DIPICOR;10;COMPRIME
HYZAAR;50 / 12.5;COMPRIME ENROBE
ALFAPROXINE;500;COMPRIME PELLICULE
ALFAPROXINE;500;COMPRIME PELLICULE
CLARINASE REBETABS;60 / 5;COMPRIME ENROBE LM
MIVACRON;20;SOLUTION INJECTABLE
URBANYL;10;COMPRIME SECABLE
NEOCLAV 100MG/12.5MG/ML ENFANT;100 / 12.5;POUDRE POUR SUSPENSION BUVABLE
NAVELBINE;10;SOLUTION INJECTABLE
SAVARINE;200 / 100;COMPRIME PELLICULE
TETRALYSAL;150;GELULE
AMOXIL;250;POUDRE POUR SUSPENSION BUVABLE
LEVITRA;20;COMPRIME PELLICULE
BUSCOPAN;20;SOLUTION INJECTABLE
BUSCOPAN;20;SOLUTION INJECTABLE
CLAMOXYL;500;COMPRIME DISPERSIBLE
CALCIUM ALKO;0.87;SOLUTION INJECTABLE
AZ;250;GELULE
BACTROBAN;2;POMMADE
SPIBAC 3 MUI;3;COMPRIME PELLICULE
ROVAMYCINE;3;COMPRIME PELLICULE
RANIMAT;300;COMPRIME
ANALGYL;200;COMPRIME ENROBE
HYPRIL;20 / 12.5;COMPRIME SECABLE
NEOCLAV;500 / 62.5;POUDRE POUR SUSPENSION BUVABLE
AMUCHIN 10;0.11 / 1.8;SOLUTION POUR APPLICATION LOCALE
ERBITUX 5 MG/ML;5;SOLUTION POUR PERFUSION
ERBITUX 5 MG/ML;5;SOLUTION POUR PERFUSION
VERASKIN;4;GEL
ZOVAS;20;COMPRIME ENROBE SECABLE
XYLONOR SPRAY;15 / 0.15;SOLUTION DENTAIRE
XYLONOR SPRAY;15 / 0.15;SOLUTION DENTAIRE
SURGAM;200;COMPRIME SECABLE
ASTAPH;250;POUDRE POUR SUSPENSION BUVABLE
TASIGNA 200MG;200;CAPSULE
TASIGNA 200MG;200;CAPSULE
AMOXIL;500;GELULE
GLYCEMAT;80;COMPRIME SECABLE
FLAGYL;4;SUSPENSION BUVABLE
DAONIL;5;COMPRIME SECABLE
PEVARYL;1;CREME
ALER Z;10;COMPRIME PELLICULE
ARTOTEC;50 / 0.2;COMPRIME GASTRO-RESISTANT
ASEPSIL 10;10;SOLUTION POUR APPLICATION LOCALE
CURAM 1G/125MG;1 / 125;POUDRE POUR SUSPENSION BUVABLE
VITAMINE C;1;COMPRIME EFFERVESCENT
AMPICILLINE LLORENTE;500;GELULE
ICANAL RETARD;40;COMPRIME LP
ICANAL RETARD;40;COMPRIME LP
NOVEX;6000;SOLUTION INJECTABLE
CORDARONE;200;COMPRIME SECABLE
DESTEC 0.5 MG/ML;2.5;SIROP
SEVREDOL;10;COMPRIME PELLICULE SECABLE
IOPIDINE;1;COLLYRE
IOPIDINE;1;COLLYRE
NOCAND 200 MG;200;GELULE
MYCOSTER;1;SOLUTION POUR APPLICATION LOCALE
LEVEMIR PENF;100;SOLUTION INJECTABLE LP
LEVEMIR PENF;100;SOLUTION INJECTABLE LP
SYNNAX;100;COMPRIME
SYNNAX;100;COMPRIME
DUPLAMOX SANS SUCRE;250 / 4;POUDRE POUR SUSPENSION BUVABLE
DUPLAMOX SANS SUCRE;250 / 4;POUDRE POUR SUSPENSION BUVABLE
MAGNEVIST;469.01 / 0.99;SOLUTION INJECTABLE
CARDINOR;25;COMPRIME
CARDINOR;25;COMPRIME
GENTAMEN 10;10;SOLUTION INJECTABLE
MIRCERA 200 µG/0.3 ML;200;SOLUTION INJECTABLE
OMEGEN;20;GELULE
PRIMALAN;1.25;SOLUTION BUVABLE
CLARTEC;0.1;SIROP
CLARTEC;0.1;SIROP
SANDIMMUN;50;CAPSULE MOLLE
ULCESTOP;400;COMPRIME
CILOXAN;0.3;POMMADE OPHTALMIQUE
KETUM 2.5 %;2.5;GEL
ZERIT;30;GELULE
CANDICID;50;GELULE
UNIZITRO;200;POUDRE POUR SUSPENSION BUVABLE
UNIZITRO;200;POUDRE POUR SUSPENSION BUVABLE
AURICULARUM;0.09 / 0.1 / 1 / 10;POUDRE AURICULAIRE
STODAL;;SIROP
AZOLE;400;COMPRIME ENROBE
SEPTANEST ADRENALINEE;72;SOLUTION INJECTABLE POUR USAGE DENTAIRE
RINGER LACTATE LAPROPHAN;600 / 40;SOLUTION POUR PERFUSION
CARBOSYLANE;140 / 45;GELULE
CEFAPEROS;500;POUDRE POUR SUSPENSION BUVABLE
PANALGIC;500 / 50;COMPRIME
MYTELASE;10;COMPRIME SECABLE
MIBRAL;10;COMPRIME
TRASYLOL;0.5;SOLUTION INJECTABLE
DYNASTAT;20;POUDRE POUR SOLUTION INJECTABLE
ORADEXON ELIXIR;0.05;SUSPENSION BUVABLE
NIFROZID;4;SUSPENSION BUVABLE
SKINOSALIC;0.05 / 2;LOTION
DALIBOUR;0.1 / 0.35;CREME
SOMATOSTATINE;3;POUDRE POUR SOLUTION INJECTABLE
SOMATOSTATINE;3;POUDRE POUR SOLUTION INJECTABLE
ARANESP 20 µG;20;SOLUTION INJECTABLE
ARANESP 20 µG;20;SOLUTION INJECTABLE
SEPCEN 250 MG;250;COMPRIME
NOVEX;10000;SOLUTION INJECTABLE
TOBREX;0.3;COLLYRE
ZOLADEX 3.6 MG;3.6;IMPLANT INJECTABLE
ASKARDIL 75MG;75;COMPRIME DISPERSIBLE
ORELOX;40;GRANULE POUR SUSPENSION BUVABLE
RIABAL ENF;250;SOLUTION BUVABLE
ASPEGIC ENF;250;POUDRE POUR SOLUTION BUVABLE
NEUROCYNESINE;;COMPRIME
LIPANTHYL;200;GELULE
MORPHINE MERAM 1%;10;SOLUTION INJECTABLE
ACLAV;1 / 125;POUDRE POUR SUSPENTION BUVABLE
COVERAM 10MG/5MG;10 / 5;COMPRIME
ALFATIL;500;GELULE
GENTAMEN 80;80;SOLUTION INJECTABLE
PRAMIDOL;0.1;SIROP
AVAMYS 27.5 µG/PULVERISATION;0.0275;SUSPENSION POUR PULVERISATION NASALE
AVAMYS 27.5 µG/PULVERISATION;0.0275;SUSPENSION POUR PULVERISATION NASALE
HEXAPNEUMINE ENF;;SUPPOSITOIRE
PIROXAM;20;SUPPOSITOIRE
FLOXAM;500;GELULE
XELODA;500;COMPRIME PELLICULE
MIBRAL;10;COMPRIME
TEMODAL;250;GELULE
AMOXIL;500;COMPRIME DISPERSIBLE
EPREX 2000 UI/ML;1000;SOLUTION INJECTABLE
PIPORTIL;4;SOLUTION POUR GOUTTES BUVABLES
PIPORTIL;4;SOLUTION POUR GOUTTES BUVABLES
ORADEXON ELIXIR;0.05;SUSPENSION BUVABLE
TREMADOL;50;COMPRIME
CURACNE;10;CAPSULE MOLLE
DOLIPRANE VITAMINE C;500 / 150;COMPRIME EFFERVESCENT
ZILDAM;1;CREME
PIPERACILLINE MYLAN;4;POUDRE POUR SOLUTION INJECTABLE
SYNNAX;100;COMPRIME
SYNNAX;100;COMPRIME
ODIA;2;COMPRIME
ACEPRIL;8;COMPRIME
ACEPRIL;8;COMPRIME
RECORMON;2000;PREPARATION INJECTABLE
REVATIO 20 MG;20;COMPRIME PELLICULE
REVATIO 20 MG;20;COMPRIME PELLICULE
SPECTRUM;0.3;COLLYRE
SPECTRUM;0.3;COLLYRE
BARACLUDE;0.5;COMPRIME PELLICULE
BARACLUDE;0.5;COMPRIME PELLICULE
HYTACAND;8 / 12.5;COMPRIME
CEFTRIAXONE MYLAN;2;POUDRE POUR SOLUTION INJECTABLE
INDOCOLLYRE;0.1;COLLYRE
AMOXICILLINE/ACIDE CLAVULANIQUE MYLAN;500 / 50;POUDRE POUR SOLUTION INJECTABLE
UVIMAG B6;500 / 125;SOLUTION BUVABLE
AMOXICILLINE/ACIDE CLAVULANIQUE MYLAN;1 / 100;POUDRE POUR SOLUTION INJECTABLE
AMOXICILLINE/ACIDE CLAVULANIQUE MYLAN;1 / 100;POUDRE POUR SOLUTION INJECTABLE
DIURIMAT 1.5 MG LP;1.5;COMPRIME PELLICULE LP
DIURIMAT 1.5 MG LP;1.5;COMPRIME PELLICULE LP
ADRENALINE 1 MG;1;SOLUTION INJECTABLE
LANPROL;30;GELULE
FRAXIPARINE;2850;SOLUTION INJECTABLE
COMBANTRIN;250;COMPRIME A CROQUER
ANTINOREX;2;SOLUTION BUVABLE
EFFIPRED;1;SOLUTION BUVABLE
FLUOROURACIL EBEWE;250;SOLUTION POUR PERFUSION
CIPROXINE;750;COMPRIME PELLICULE
PERNABOL;4;COMPRIME
AVT;500 / 20;COMPRIME EFFERVESCENT
CACIT;500;COMPRIME EFFERVESCENT
STREPTOCID;500;GELULE
GEMCITABINE HOSPIRA 2 G;2;POUDRE POUR SOLUTION POUR PERFUSION
TAXOTERE 20 MG/0.5 ML;20;SOLUTION A DILUER POUR PERFUSION
APETINE;4;COMPRIME
ASPEGIC AD;1;POUDRE POUR SOLUTION BUVABLE
ACUPAXIL-30;30;SOLUTION A DILUER POUR PERFUSION
ACUPAXIL-30;30;SOLUTION A DILUER POUR PERFUSION
OMACOR;1000 / 4;CAPSULE MOLLE
XYZALL;5;COMPRIME PELLICULE
LEDERTREXATE;5;SOLUTION INJECTABLE
MINIDIAB;5;COMPRIME SECABLE
STRATTERA 18 MG;18;GELULE
CICLOVIRAL;80;SUSPENSION BUVABLE
ALDOMET;500;COMPRIME ENROBE
MYCOSPOR;1;CREME
SOMATULINE LP 30 MG;30;SOLUTION INJECTABLE
SOMATULINE LP 30 MG;30;SOLUTION INJECTABLE
FLUDEX LP;1.5;COMPRIME ENROBE LP
CRIXIVAN;400;GELULE
ALVITYL;;SIROP
GONAL-F450;450;POUDRE POUR SOLUTION INJECTABLE
GONAL-F450;450;POUDRE POUR SOLUTION INJECTABLE
PROFENID I.M;100;SOLUTION INJECTABLE
ANAFRANIL;75;COMPRIME ENROBE
PHARMAURACIL;500;SOLUTION INJECTABLE
INNOHEP 14 000 UI ANTI-XA/0,7 ML;14000;SOLUTION INJECTABLE
FLUOROURACILE MYLAN;250;SOLUTION POUR PERFUSION
STRATTERA 25 MG;25;GELULE
NOVONORM;0.5;COMPRIME
AMODEX;250;POUDRE POUR SUSPENSION BUVABLE
BAUME SLOAN;1;CREME
BAUME SLOAN;1;CREME
PACLITAXEL COOPER;100;SOLUTION A DILUER POUR PERFUSION
ORGALUTRAN;0.25;SOLUTION INJECTABLE
EPREX;10000;SOLUTION INJECTABLE
PENAMOX;250;POUDRE POUR SUSPENSION BUVABLE
COQUELUSEDAL ENFANTS;20/20/10;SUPPOSITOIRE
RODAL;250;POUDRE POUR SUSPENSION BUVABLE
RODAL;250;POUDRE POUR SUSPENSION BUVABLE
SAGADREPS 20 MG ARÔME MENTHE;20;PASTILLE A SUCER
ISONE;20;COMPRIME
EOSINE PHARMA;2;SOLUTION POUR APPLICATION LOCALE
HERPEVIR 5%;50;CREME
HERPEVIR 5%;50;CREME
VALSARTAN WIN 160 MG;160;COMPRIME PELLICULE SECABLE
A-GRAM;500;GELULE
PZA;500;COMPRIME
COMBIVIR;150 / 300;COMPRIME PELLICULE SECABLE
PIPERACILLINE MYLAN;2;POUDRE POUR SOLUTION INJECTABLE
URISPAS;200;COMPRIME ENROBE
STAPHYMYCINE;500;GELULE
TRIACEPHINE PHARMA5;250;PREPARATION PARENTERALE
TRIACEPHINE PHARMA5;250;PREPARATION PARENTERALE
MACROMAX;200;POUDRE POUR SUSPENSION BUVABLE
MACROMAX;200;POUDRE POUR SUSPENSION BUVABLE
CROMABAK;20;COLLYRE
ELVORINE;25;PREPARATION INJECTABLE
METHYLPREDNISOLONE MYLAN;20;POUDRE POUR SOLUTION INJECTABLE
KETUM 2.5 %;2.5;GEL
FELDENE;20;SOLUTION INJECTABLE
SOLU MEDROL;40;POUDRE POUR SOLUTION INJECTABLE
OMIZ 20 MG;20;GELULE
GENTAMICINE LLORENTE;160;SOLUTION INJECTABLE
ADALATE;10;CAPSULE
PENITARD;1.2;POUDRE POUR SUSPENSION INJECTABLE
ATROPINE PROMOPHARM 0,25 MG;0.25;SOLUTION INJECTABLE
SIPROZONE;20;COMPRIME
DEFLAZACORTE GT 6 MG;6;COMPRIME SECABLE
INNOHEP 4500 UI ANTI-XA/0,45 ML;4500;SOLUTION INJECTABLE
PANADOL;500;SUPPOSITOIRE
ZAMOX;1 / 125;POUDRE POUR SUSPENSION BUVABLE
ZAMOX;1 / 125;POUDRE POUR SUSPENSION BUVABLE
IKARAN;2;SOLUTION POUR GOUTTES BUVABLES
CIVASTINE;10;COMPRIME ENROBE
FRAXODI;11400;SOLUTION INJECTABLE
LINCOCINE;600;SOLUTION INJECTABLE
CARVEDILOL GT;25;COMPRIME SECABLE
XOLAMOL;20 / 5;COLLYRE
GENTAMICINE CHAUVIN COLLYRE;0.3;COLLYRE
PENAMOX;1;COMPRIME DISPERSIBLE
SOMATOSTATINE;0,25;POUDRE POUR SOLUTION INJECTABLE
SOMATOSTATINE;0,25;POUDRE POUR SOLUTION INJECTABLE
HOSTACORTIN H;5;COMPRIME
NOVONORM;0.5;COMPRIME
NOROXINE;400;COMPRIME ENROBE
MYCOFLU;50;GELULE
PAXIL CR 12.5 MG;12.5;COMPRIME PELLICULE
PAXIL CR 12.5 MG;12.5;COMPRIME PELLICULE
BULMOL;100;SUSPENSION POUR INHALATION BUCCALE
SEBIPROX;1.5;SOLUTION POUR APPLICATION LOCALE
FONGAMIL;1;CREME
FOSAVANCE;70 / 5600;COMPRIME
PREMOCEFAL;250;POUDRE POUR SUSPENSION BUVABLE
DILATOR;2.5;SOLUTION POUR INHALATION PAR NEBULISEUR
DILATOR;2.5;SOLUTION POUR INHALATION PAR NEBULISEUR
RELPAX;40;COMPRIME ENROBE
DOXYMYCINE;100;COMPRIME DISPERSIBLE
GEOMYCINE;0.5;POMMADE OPHTALMIQUE
BC-F 8,4%;;SOLUTE CONCENTRE
COVERSYL;2;COMPRIME SECABLE
ANTAGON H2;400;COMPRIME EFFERVESCENT
AMOXIL;1;COMPRIME DISPERSIBLE
DIFAL 1 %;1;GEL
HYDROCORTISONE ROUSSEL;10;COMPRIME SECABLE
FLEXEN;100;SUPPOSITOIRE
FLEXEN;100;SUPPOSITOIRE
CLAVULIN;500 / 50;POUDRE POUR SOLUTION INJECTABLE
DIPROSONE;0.05;CREME
CLAFORAN;500;POUDRE POUR SOLUTION INJECTABLE
FLONOX;250;COMPRIME PELLICULE
ABILIFY 15 MG;15;COMPRIME
ALGOTROPYL 200;200 / 5;SUPPOSITOIRE
ISKEDYL FORT;19.2 / 2.4;COMPRIME
VITANEVRIL;;COMPRIME ENROBE
CAPEN;25;COMPRIME
INEXIUM;20;COMPRIME PELLICULE GASTRO-RESISTANT
DIFENAC;50;COMPRIME
TRIFAX;250;POUDRE POUR SOLUTION INJECTABLE
CATEX;250;COMPRIME PELLICULE
CLOPRAME;0.26;SOLUTION POUR GOUTTES BUVABLES
METHYLPREDNISOLONE MYLAN;40;POUDRE POUR SOLUTION INJECTABLE
TONICALCIUM ADULTES;500 / 500;SOLUTION BUVABLE
ODRIK;4;GELULE
FLUCONAZOLE GT 200 MG;200;GELULE
RODAL;500;GELULE
CETAMYL;125;POUDRE POUR SOLUTION BUVABLE
FRAXODI;15200;SOLUTION INJECTABLE
DILATREND;25;COMPRIME
HEXAPNEUMINE NR;;SUPPOSITOIRE
IDOL 100 MG;100;SUPPOSITOIRE
NEOMOX;250;POUDRE POUR SUSPENSION BUVABLE
XYTENOL;100;COMPRIME SECABLE
DOLIPRANE;300;POUDRE POUR SOLUTION BUVABLE
LECTIL 16 MG;16;COMPRIME SECABLE
ANTIBIO-SYNALAR;2.5 / 0.1;SOLUTION POUR GOUTTE AURICULAIRE
ASTAPH;1;POUDRE ET SOLVANT POUR SOLUTION INJECTABLE
SPIRALIDE;3;COMPRIME SECABLE
TABUNEX 0.05 %;50;SUSPENSION POUR PULVERISATION NASALE
AZIMYCINE;500;COMPRIME
AZIMYCINE;500;COMPRIME
METALYSE 10000 U;50;POUDRE ET SOLVANT POUR SOLUTION INJECTABLE
HYPNOVEL;50;SOLUTION INJECTABLE
ACNO 10 MG;10;CAPSULE MOLLE
ODIA;1;COMPRIME
DYSPORT;500;POUDRE POUR SOLUTION INJECTABLE
CLAMOXYL;1;COMPRIME DISPERSIBLE
COPEGUS;200;COMPRIME PELLICULE
CORANGIN;60;COMPRIME SECABLE LP
FLOXYFRAL;100;COMPRIME ENROBE
AMILO;5;COMPRIME
GEMZAR;1;POUDRE POUR PERFUSION
ATACAND;4;COMPRIME SECABLE
PARANTAL;500;COMPRIME EFFERVESCENT
EUCALYPTINE;1.07 / 6.1;SOLUTION BUVABLE
AVAMYS 27.5 µG/PULVERISATION;0.0275;SUSPENSION POUR PULVERISATION NASALE
AVAMYS 27.5 µG/PULVERISATION;0.0275;SUSPENSION POUR PULVERISATION NASALE
FLUGIZOL;50;GELULE
LYSO 6;20 / 10;COMPRIME SUBLINGUAL
FLUCAZOL;150;GELULE
DOLFENE;300;GELULE
BRUFEN;2;SUSPENSION BUVABLE
DUPHASTON;10;COMPRIME PELLICULE SECABLE
IMMUNOGLOBULINE NORMALE IV-LFB-CNTS 50 MG/ML;10;POUDRE POUR SOLUTION POUR PERFUSION
DEBRIDAT;0.787;GRANULE POUR SUSPENSION BUVABLE
SODIUM CHLORURE PROMOPHARM;0.9;SOLUTION POUR PERFUSION
BIOMYLASE;3000;COMPRIME ENROBE
BIOMYLASE;3000;COMPRIME ENROBE
PIPERACILLINE MYLAN;1;POUDRE POUR SOLUTION INJECTABLE
SK-F 12;;SOLUTE CONCENTRE
ACUPAN;20;SOLUTION INJECTABLE
XYLOCAINE 5% A LA NAPHAZOLINE;5 / 0.02;SOLUTION POUR APPLICATION LOCALE
ANTIGRIPPINE;500 / 100 / 10;COMPRIME SECABLE
TELEBRIX 35;65.09 / 9.66;SOLUTION INJECTABLE
TUNELUZ;20;GELULE
DEPRESTAT;50;COMPRIME ENROBE
DEPRESTAT;50;COMPRIME ENROBE
MAGNE B 6;186 / 936;SOLUTION BUVABLE
TELEBRIX GASTRO;33.015;SOLUTION BUVABLE OU RECTALE
JOSACINE;1;COMPRIME DISPERSIBLE
ODIA;4;COMPRIME
GENTOSYL;80;SOLUTION INJECTABLE
CETAVLON;0.5;CREME
PROFLOX;500;COMPRIME ENROBE
PROFLOX;500;COMPRIME ENROBE
MOSCONTIN;30;COMPRIME LP
LANTUS SOLOSTAR;100;SOLUTION INJECTABLE LP
LANTUS SOLOSTAR;100;SOLUTION INJECTABLE LP
FLUSTAPH;500;GELULE
SKIACOL;0.5;COLLYRE
AMOXICILLINE/ACIDE CLAVULANIQUE MYLAN;1 / 200;POUDRE POUR SOLUTION INJECTABLE
AMOXICILLINE/ACIDE CLAVULANIQUE MYLAN;1 / 200;POUDRE POUR SOLUTION INJECTABLE
BICALUTAMIDE GT;50;COMPRIME PELLICULE
BICALUTAMIDE GT;50;COMPRIME PELLICULE
DIPRO OLEOSUM;2.5 / 12.5;SOLUTION INJECTABLE
CERUBIDINE;20;POUDRE POUR PERFUSION
HYPNOVEL;5;SOLUTION INJECTABLE
CALCINIB;10;COMPRIME
DISPAMOX;1;COMPRIME DISPERSIBLE
DISPAMOX;1;COMPRIME DISPERSIBLE
CEDOL 400 MG/20 MG;400 / 20;COMPRIME
VANCOMYCINE MYLAN;500;POUDRE POUR PERFUSION
DIFAL;100;SUPPOSITOIRE
ISOPRINOSINE;500;COMPRIME SECABLE
CEFTRIAXONE MYLAN;500;POUDRE POUR SOLUTION INJECTABLE
VEINAMITOL;3500;SOLUTION BUVABLE
NEOCLAV;1 / 125;POUDRE POUR SUSPENSION BUVABLE
PREMOCEFAL;500;GELULE
PIROCAM SOTHEMA 20 MG;20;COMPRIME DISPERSIBLE
PIROCAM SOTHEMA 20 MG;20;COMPRIME DISPERSIBLE
RELPAX;40;COMPRIME ENROBE
RINGER LACTATE LAPROPHAN;600 / 40;SOLUTION POUR PERFUSION
EMOFORM;1.4 / 4.8;PATE DENTIFRICE
NOMADOL;50;COMPRIME PELLICULE
BRONCHOKOD SANS SUCRE;5;SIROP
CAELYX 2MG/ML;1.87;SOLUTION A DILUER POUR PERFUSION
LEVOFLOXACINE GT 250 MG;250;COMPRIME PELLICULE
AVLOCAN;40;COMPRIME
VIRECTIL 50 MG;50;COMPRIME PELLICULE
AGLIM 3 MG;3;COMPRIME
MAGNEVIST;469.01 / 0.99;SOLUTION INJECTABLE
AVT;500 / 20;COMPRIME EFFERVESCENT
STATOR 20 MG;20;COMPRIME ENROBE
STATOR 20 MG;20;COMPRIME ENROBE
GENTAMICINE POMMADE;0.3;POMMADE OPHTALMIQUE
POLYSILANE;2.25;GEL ORAL
TRIACEPHINE PHARMA5 I.V;1;PREPARATION PARENTERALE
TOPIRAMATE GT 100 MG;100;COMPRIME PELLICULE
SYNTHOL;;SOLUTION POUR BAIN DE BOUCHE
ARAVA;20;COMPRIME PELLICULE
RIFOREIL;2;SOLUTION POUR GOUTTE AURICULAIRE
OTOFA;200000;SOLUTION POUR GOUTTE AURICULAIRE
CASODEX;50;COMPRIME ENROBE
FLOXAPEN;500;GELULE
DISGREN;300;GELULE
DISGREN;300;GELULE
STREPTASE 1500 000 UI;1500000;POUDRE POUR USAGE PARENTERAL
FARMODOXI;100;COMPRIME
GARDASIL;;SUSPENSION INJECTABLE
CATAFLAM;75;SUPPOSITOIRE
CATAFLAM;75;SUPPOSITOIRE
DICETEL;50;COMPRIME PELLICULE
TETRA 500;500;COMPRIME DRAGEIFIE
CLAVULIN;1 / 125;POUDRE POUR SUSPENSION BUVABLE
CLAVULIN;1 / 125;POUDRE POUR SUSPENSION BUVABLE
DIARIT SACHETS;3.5 / 2.9;POUDRE POUR SOLUTION BUVABLE
PRAVASTATINE GT 10 MG;10;COMPRIME
ERCEFURYL;200;GELULE
VIGOREX 50 MG;50;COMPRIME PELLICULE
FENAC PROMOPHARM;25;COMPRIME
SKINOSALIC;0.05 / 3;POMMADE
PHARMADIPINE;20;GELULE LP
TORVA;20;COMPRIME ENROBE
STREPTOCID;1;COMPRIME DISPERSIBLE
ULCESTOP;800;COMPRIME EFFERVESCENT
THIOPENTAL BIOCHEMIE;0.5;POUDRE POUR SOLUTION INJECTABLE
CIFLOXINE;500;COMPRIME ENROBE
ACIDE SLF180;;SOLUTE CONCENTRE
MACROMAX;400;POUDRE POUR SUSPENSION BUVABLE
MACROMAX;400;POUDRE POUR SUSPENSION BUVABLE
CALCIPARINE;5000;SOLUTION INJECTABLE
AMLOR;10;COMPRIME
TORVA;20;COMPRIME ENROBE
MICROPHYLLINE;200;GELULE LP
GLUCOSE 15% LAPROPHAN;15;SOLUTION POUR PERFUSION
NOVEX;8000;SOLUTION INJECTABLE
FRAXIPARINE;3800;SOLUTION INJECTABLE
PRAZOL;20;GELULE
MITOXANTRONE EBEWE;20;SOLUTION A DILUER POUR PERFUSION
OREX;125;GRANULE POUR SUSPENSION BUVABLE
BEDELIX;3;POUDRE POUR SUSPENSION BUVABLE
TEGRETOL LP;400;COMPRIME PELLICULE SECABLE A LP
PERIACTINE;4;COMPRIME
DIGERVIN 20 MG;20;COMPRIME
PRIMPERAN;10;SOLUTION INJECTABLE
GIROFLOX;250;COMPRIME PELLICULE
IXEL;50;GELULE
GENTAMEN 160;160;SOLUTION INJECTABLE
AGLIM 1 MG;1;COMPRIME
CISPLATINE MYLAN;25;SOLUTION POUR PERFUSION
ALGANTIL;5;GEL
SCHOUM;0;SOLUTION BUVABLE
ACIDE SLF208;;SOLUTE CONCENTRE
ACNO 20 MG;20;CAPSULE MOLLE
ALGANTIL;2;SUSPENSION BUVABLE
EFICAL;1;SIROP
EXFORGE 5 MG/80 MG;5 / 80;COMPRIME PELLICULE
EXFORGE 5 MG/80 MG;5 / 80;COMPRIME PELLICULE
EPHEDRINE AGUETTANT 3%;3;SOLUTION INJECTABLE
AMOXIL;1;POUDRE POUR USAGE PARENTERAL
MINOTREX;100;GELULE
PNEUMOCCID;500;COMPRIME DISPERSIBLE
AVENOC;;POMMADE
PERCUTALGINE;15 / 0.6;GEL
S-CITAP 5 MG;5;COMPRIME PELLICULE
CHOLESTIN 20 MG;20;COMPRIME SECABLE
CAPOZIDE;50 / 25;COMPRIME SECABLE
FONZYLANE;300;COMPRIME PELLICULE
LANTUS OPTISET;100;SOLUTION INJECTABLE LP
LANTUS OPTISET;100;SOLUTION INJECTABLE LP
OKA-CARBOPLATIN;450;SOLUTION POUR PERFUSION
BUTOVENT 2 MG;2;COMPRIME
ROTATEQ;;SOLUTION BUVABLE
SUPPOSEDAL NOURRISSON;10/10/5;SUPPOSITOIRE
PERNABOL;4;COMPRIME
HIBOR 3500 UI ANTI XA;3500;SOLUTION INJECTABLE
ASPRO;500;COMPRIME EFFERVESCENT
VOTRIENT 400 MG;400;COMPRIME PELLICULE
TRANXENE;5;GELULE
CURACNE;5;CAPSULE MOLLE
IMUSPORIN;100;CAPSULE MOLLE
DENORAL ENFANT;6 / 22.5;SIROP
DENORAL ENFANT;6 / 22.5;SIROP
OXALISIN 5 MG/ML;100;SOLUTION A DILUER POUR PERFUSION
ZANIDIP;10;COMPRIME ENROBE SECABLE
ATACAND;8;COMPRIME SECABLE
EXFORGE HCT 5MG/160MG/25MG;5/160/25;COMPRIME PELLICULE
HALOPERIDOL PHARMA 5;2;SOLUTION BUVABLE
OVITRELLE;250;SOLUTION INJECTABLE
OVITRELLE;250;SOLUTION INJECTABLE
ISTACYNE 200 MG;200;COMPRIME
DIFRAREL;100 / 5;COMPRIME ENROBE
TERLOMEXIN;200;CAPSULE MOLLE VAGINALE
OTIPAX;0.64 / 0.16;SOLUTION POUR GOUTTE AURICULAIRE
FLUDARA;10;COMPRIME PELLICULE
FLUDARA;10;COMPRIME PELLICULE
COAPROVEL;300 / 25;COMPRIME PELLICULE
COLIMYCINE;1.5;COMPRIME
ULTRA-LEVURE;250;GELULE
OKA-CARBOPLATIN;150;SOLUTION POUR PERFUSION
SYNNAX;25;COMPRIME
GENTALLINE;0.3;COLLYRE
CUSICROM;4;COLLYRE
CUSICROM;4;COLLYRE
TIEMOZYL;150 / 25;SUPPOSITOIRE
PLATAMINE;10;SOLUTION POUR PERFUSION
ALDYZINE;0.138;SOLUTION DENTAIRE
ADIZEM;90;GELULE LP
FARMORUBICINE;50 / 25;POUDRE POUR PERFUSION
TELEBRIX 12 SODIUM;52.5;SOLUTION INJECTABLE
DUPLAMOX;500 / 8;GELULE
CLARADOL;500;COMPRIME EFFERVESCENT
LOPRIL;25;COMPRIME SECABLE
MOSCONTIN;100;COMPRIME LP
FOLIFER;150 / 0.5;GELULE
FOLIFER;150 / 0.5;GELULE
HELMINTOX;250;COMPRIME PELLICULE SECABLE
LIDOCAINE 5% LAPROPHAN;5;SOLUTION POUR APPLICATION LOCALE
ALZOLE 20 MG;20;GELULE
LANTUS;100;SOLUTION INJECTABLE LP
NEOCLAV 1 G/125 MG;1 / 125;POUDRE POUR SUSPENSION BUVABLE
CICLOVIRAL;800;COMPRIME
CICLOVIRAL;800;COMPRIME
ALGINE;500 / 267;SUSPENSION BUVABLE
XYLOCAINE 2% ADRENALINE;2 / 2;SOLUTION INJECTABLE
COLTRAX;4;COMPRIME
XENETIX 350;76.78;SOLUTION INJECTABLE
CALCIPARINE;12500;SOLUTION INJECTABLE
LEXUS;80;SOLUTION A DILUER POUR PERFUSION
APAZIDE;200;GELULE
CATEX;250;COMPRIME PELLICULE
EXPANDOL;500;COMPRIME EFFERVESCENT
VANTEC;10;COMPRIME ENROBE SECABLE
HEXABRIX;200;SOLUTION INJECTABLE
NIMBEX;5;SOLUTION INJECTABLE
SYNNAX;25;COMPRIME
AVELOX;400;SOLUTION POUR PERFUSION
NAPROGEL;10;GEL
BACTOX;125;POUDRE POUR SUSPENSION BUVABLE
DERMOFIX;2;GEL
IBUMAC 300 MG LP;300;GELULE LP
IBUMAC 300 MG LP;300;GELULE LP
ANTAGON H2;400;COMPRIME
COVERAM 5MG/10MG;5 / 10;COMPRIME
CUTACNYL;2.5;GEL
CUTACNYL;2.5;GEL
OCET 200MG;200;COMPRIME ENROBE
INVANZ;1;POUDRE POUR PERFUSION
CITAFINE 1G;1;POUDRE POUR SOLUTION POUR PERFUSION
ADEX;2.5;COMPRIME PELLICULE
SEVORANE (H);100;SOLUTION POUR INHALATION
INFANRIX IPV;;SUSPENSION INJECTABLE
FLAMMAZINE;1;CREME
MYCOFLU;150;GELULE
OROKEN;40;POUDRE POUR SUSPENSION BUVABLE
MAXICLAV;500 / 62.5;POUDRE POUR SUSPENSION BUVABLE
BUTAZOLIDINE;250;SUPPOSITOIRE
TAMOXIFENE MYLAN;10;COMPRIME
GONAL-F900;900;POUDRE POUR SOLUTION INJECTABLE
VERZOL 400 MG;400;COMPRIME
DICYNONE;250;SOLUTION INJECTABLE
PHARMAURACIL 250MG/10ML;250;SOLUTION INJECTABLE
RECORMON;3000;SOLUTION INJECTABLE
DICLOFENAC WIN 1 % GEL;1;GEL
SOLICAM;10;GELULE
EFFERALGAN;500;COMPRIME EFFERVESCENT
XARELTO;10;COMPRIME PELLICULE
XARELTO;10;COMPRIME PELLICULE
DANTRON;8;SOLUTION INJECTABLE
MYCOLOG;100 / 0.25;POMMADE
RYTHMODAN;100;GELULE
EFAVIR;200;GELULE
LIPANOR;100;GELULE
CARBOPLATINE DBL;50;SOLUTION POUR PERFUSION
CARBOPLATINE DBL;50;SOLUTION POUR PERFUSION
POTEX;10000;POUDRE POUR SOLUTION INJECTABLE
CALCIUM ALKO;0.87;SOLUTION INJECTABLE
EPOTIN;4000;SOLUTION INJECTABLE
DIFLUCAN;50;GELULE
TOPSYNE GEL;0.025;GEL
TEPHACYCLINE;500;COMPRIME
ETOPOSIDE COOPER;50;CAPSULE
ETOPOSIDE COOPER;50;CAPSULE
IMMUCYST;;POUDRE POUR SUSPENSION INTRAVESICALE
REQUIP 1 MG;1;COMPRIME PELLICULE
REQUIP 2 MG;2;COMPRIME PELLICULE
CATACOL;0.1;COLLYRE
PROGESTERONE RETARD PHARLON;500;SOLUTION INJECTABLE LP
PROGESTERONE RETARD PHARLON;500;SOLUTION INJECTABLE LP
MIOREL;4;GELULE
DESTEC 5 MG;5;COMPRIME PELLICULE
SYNACTHENE;1;SUSPENSION INJECTABLE
MOLGAM 100 MG;100;COMPRIME
PNEUMOCCID;125;POUDRE POUR SUSPENSION BUVABLE
TENORMINE;100;COMPRIME PELLICULE SECABLE
GONAL-F900;900;POUDRE POUR SOLUTION INJECTABLE
NURABOL;4;COMPRIME
AVODART;0.5;CAPSULE MOLLE
AVODART;0.5;CAPSULE MOLLE
FUCIDINE ENFANT;250;SUSPENSION BUVABLE
AMOXIL;500;POUDRE POUR SUSPENSION BUVABLE
NORMATENS;100;COMPRIME
ENGERIX-B (ADULTE);;PREPARATION INJECTABLE
STAPHYMYCINE;250;GELULE
GEPRID;2;COMPRIME
GEPRID;2;COMPRIME
PROTON;20;GELULE
PROTON;20;GELULE
LIOMETACEN;50;SOLUTION INJECTABLE
LIOMETACEN;50;SOLUTION INJECTABLE
DEXA-GENTAMICINE;5 / 1;COLLYRE
TRONID;250;COMPRIME
SYNNAX;50;COMPRIME
SYNNAX;50;COMPRIME
RODOGYL;0.75 / 125;COMPRIME PELLICULE
FENTANYL MYLAN;100;SOLUTION INJECTABLE
ACIDE ALENDRONIQUE NORMON 70 MG;70;COMPRIME
LEVAMOX;100 / 12.5;POUDRE POUR SUSPENSION BUVABLE
IMOVANE;7.5;COMPRIME PELLICULE SECABLE
PARASPHAN;135 / 265;COMPRIME EFFERVESCENT
NOZINAN;25;SOLUTION INJECTABLE
LAMIVIR;50;SOLUTION BUVABLE
LAMIVIR;50;SOLUTION BUVABLE
ESTREVA;0.1;GEL
ESTREVA;0.1;GEL
ANGINIB;50;COMPRIME ENROBE
EPIVIR;10;SOLUTION BUVABLE
TENORMINE;100;COMPRIME PELLICULE SECABLE
CANESTEN;1;CREME
NONAN;;SOLUTION POUR PERFUSION
MACROMAX 200MG/5ML;200;POUDRE POUR SUSPENSION BUVABLE
MACROMAX 200MG/5ML;200;POUDRE POUR SUSPENSION BUVABLE
ONDANSETRON GT;8;SOLUTION INJECTABLE
BRONCHOCIST ADULTES;2;SOLUTION BUVABLE
ZINOXIME 1.5 G IV;1.5;POUDRE POUR SOLUTION INJECTABLE
ZINOXIME 1.5 G IV;1.5;POUDRE POUR SOLUTION INJECTABLE
MARCAINE 0,50 %;0.5;SOLUTION INJECTABLE
MICROPAKINE LP 250 MG;250;GRANULE LP
MICROPAKINE LP 250 MG;250;GRANULE LP
FLUCTINE GENPHARMA;20;GELULE
EFFEXOR LP 75 MG;75;GELULE LP
EFFEXOR LP 75 MG;75;GELULE LP
MYNAZOL;150;GELULE
MYNAZOL;150;GELULE
STILNOX;10;COMPRIME PELLICULE SECABLE
CEBEMYXINE COLLYRE;0.1 / 0.34;COLLYRE
CEBEMYXINE COLLYRE;0.1 / 0.34;COLLYRE
NORDITROPINE;12;POUDRE POUR SOLUTION INJECTABLE
MUCILAR ADULTES;5;SIROP
LOCERYL;5;SOLUTION POUR APPLICATION LOCALE
QUINOLOX;200;COMPRIME PELLICULE
POTEX;4000;POUDRE POUR SOLUTION INJECTABLE
GLEMA;4;COMPRIME
KANAMED PHARMA;1;POUDRE POUR SOLUTION INJECTABLE
VENTOLINE;100;SUSPENSION POUR INHALATION BUCCALE
TOPIRAMATE GT 25 MG;25;COMPRIME PELLICULE
BELMAZOL 20MG;20;GELULE
VENOFER 100 MG/5ML;100 / 5;SOLUTION INJECTABLE IV
BIGUAN 500;500;COMPRIME
CARDURA;1;COMPRIME
SERUM ANTITETANIQUE 1500 UI/ML;;SOLUTION INJECTABLE
FENTANYL MYLAN;500;SOLUTION INJECTABLE
KENALCOL;44.5 / 22.25;SOLUTION POUR APPLICATION LOCALE
BIOTIC PLUS;500 / 125;COMPRIME ENROBE
SULFA-BLEU;10 / 0.01;COLLYRE
MEGAFLOX IV;200;SOLUTION POUR PERFUSION
LORACTYNE;10;COMPRIME
FAZOL G;300;OVULE
ZINNAT;125;COMPRIME PELLICULE
ANCOTIL;2.5;SOLUTION POUR PERFUSION
TEGUMA;250;COMPRIME
TEGUMA;250;COMPRIME
LANPROL;30;GELULE
MYFORTIC 360 MG;360;COMPRIME PELLICULE GASTRO-RESISTANT
ORAPRED 5 MG;5;COMPRIME EFFERVESCENT
ORAPRED 5 MG;5;COMPRIME EFFERVESCENT
NEORAL;25;CAPSULE MOLLE
NAAXIA;4.9;COLLYRE
TOTAPEN;1;POUDRE POUR SOLUTION INJECTABLE
LANTUS OPTISET;100;SOLUTION INJECTABLE LP
GLUCOSE 30% LAPROPHAN;30;SOLUTION POUR PERFUSION
PNEUMOCCID;250;POUDRE POUR SUSPENSION BUVABLE
TIBERAL;500;SOLUTION POUR PERFUSION
ENDOXAN 200 MG;200;POUDRE POUR SOLUTION INJECTABLE IV
STOCRIN;200;GELULE
EUCARBON;;COMPRIME
EUCARBON;;COMPRIME
TAFEN;20;COMPRIME
FARMODOXI;200;COMPRIME
AXIMYCINE;1;POUDRE POUR SOLUTION INJECTABLE
EXFORGE HCT 10MG/160MG/25MG;10/160/25;COMPRIME PELLICULE
TECPRIL;10;GELULE
INDOPHARM;100;SUPPOSITOIRE
NEURONTIN;300;GELULE
ALKERAN;2;COMPRIME
BARALGIN M;500;COMPRIME PELLICULE
NORBILINE;2;SOLUTION BUVABLE
MYNOCINE;100;GELULE
BIOSEL;3.5 / 2.9;POUDRE POUR SOLUTION BUVABLE
DICYNONE;500;COMPRIME
MYNAZOL;150;GELULE
OPTICILLINE;125;POUDRE POUR SUSPENSION BUVABLE
LIDOCAINE 1% LAPROPHAN;1;SOLUTION INJECTABLE
NORDITROPINE;4;POUDRE POUR SOLUTION INJECTABLE
AUREOMYCINE 1%;1;POMMADE OPHTALMIQUE
SPECTRUM 500;500;COMPRIME PELLICULE
NOVALGINE;1;SUPPOSITOIRE
NOVALGINE;1;SUPPOSITOIRE
GLYCEMAT;80;COMPRIME SECABLE
AUGMENTIN;500 / 125;COMPRIME PELLICULE
UNIZITRO;200;POUDRE POUR SUSPENSION BUVABLE
UNIZITRO;200;POUDRE POUR SUSPENSION BUVABLE
STARMOX;500;COMPRIME DISPERSIBLE
ATROPINE SULFATE 0,50 MG;0.5;SOLUTION INJECTABLE
VITATLON PLUS;500;COMPRIME EFFERVESCENT
TWINRIX (PEDIATRIQUE);0;SUSPENSION INJECTABLE
BIOGAZE PM;85.55 / 56.55;COMPRESSE IMPREGNEE
FENTANYL JANSSEN 100 µG/2 ML;100;SOLUTION INJECTABLE
PARANTAL 3%;3;SOLUTION BUVABLE
PARANTAL 3%;3;SOLUTION BUVABLE
LITAK 10;10;SOLUTION POUR INJECTION SOUS-CUTANEE OU PERFUSION IV
SUPRADYNE SANS SUCRE;;COMPRIME EFFERVESCENT
SUPRADYNE SANS SUCRE;;COMPRIME EFFERVESCENT
SOLIAN;50;COMPRIME SECABLE
ACIDAC;300;COMPRIME ENROBE
PEDOVEX 75 MG;75;COMPRIME PELLICULE
TENSIOTEC;5;GELULE
ARCOXIA;60;COMPRIME PELLICULE
ARACTINE;4;COMPRIME
GASTROGEL;400 / 400;COMPRIME
THEOPHYLLINE BRUNEAU ADULTE;350;SUPPOSITOIRE
XENID;100;SUPPOSITOIRE
NOPOROSE 35 MG;35;COMPRIME PELLICULE
PENICILLINE G 1 MEG;1;POUDRE POUR SOLUTION INJECTABLE
SOCLAV ENFANT;100 / 12.5;POUDRE POUR SUSPENSION BUVABLE
ANDROTARDYL;250;SOLUTION INJECTABLE
CIPROXINE;250;COMPRIME ENROBE
RANIMAT;150;COMPRIME
BREXIN;20;COMPRIME EFFERVESCENT
DECADRON;0.5;COMPRIME SECABLE
ERYACNE;4;GEL
ERYACNE;4;GEL
AUGMENTIN;1 / 125;POUDRE POUR SUSPENSION BUVABLE
SURGESTONE;0.25;COMPRIME
SURGESTONE;0.25;COMPRIME
MONO-TILDIEM LP;300;GELULE LP
MONO-TILDIEM LP;300;GELULE LP
IMIGRAN;50;COMPRIME PELLICULE
DESTEC 5 MG;5;COMPRIME PELLICULE
TEMESTA;2.5;COMPRIME SECABLE
INDUCTAN;100;SUPPOSITOIRE
TROPHIRES NOURRISSONS;44 / 95;SUPPOSITOIRE
DESTEC 5 MG;5;COMPRIME PELLICULE
AMCARD;5;COMPRIME
PRIMPERAN;10;COMPRIME SECABLE
PRIMPERAN;10;COMPRIME SECABLE
UMAX 400 µG LP;0.4;GELULE LP
SIFROL 1.05 MG;1.05;COMPRIME LP
EXFORGE HCT 10MG/160MG/12.5MG;10/160/12.5;COMPRIME PELLICULE
CHRONADALATE L.P;60;COMPRIME OSMOTIQUE LP
CARBOPLATINE DBL;450;SOLUTION POUR PERFUSION
CARBOPLATINE DBL;450;SOLUTION POUR PERFUSION
ADO 1000MG;1000;COMPRIME PELLICULE
DIALYSE PERITONEALE BIEFFE FORMULE 62;;SOLUTION POUR DIALYSE PERITONEALE
OKA-DOCETAXEL;20;SOLUTION A DILUER POUR PERFUSION
STAPHYMYCINE;500;GELULE
BETNEVAL NEOMYCINE;0.1 / 0.35;POMMADE
ALFATIL LP;750;COMPRIME LP
ALFATIL LP;750;COMPRIME LP
MESTINON;60;COMPRIME ENROBE
CODENFAN 1 MG/ML;1;SIROP
ESAC 20MG;20;GELULE
ESAC 20MG;20;GELULE
CLARTEC;10;COMPRIME
ROCEPHIN IM;1;POUDRE POUR SOLUTION INJECTABLE
IMIDAZOL;150;GELULE
AUGMENTIN;1 / 125;POUDRE POUR SUSPENSION BUVABLE
METILBETASONE;80;POUDRE ET SOLVANT POUR SOLUTION INJECTABLE
UMULINE PROFIL 30;100;SUSPENSION INJECTABLE INTERMEDIAIRE
LASILIX RETARD;30;GELULE LP
CARBOPLATINE MYLAN;600;SOLUTION POUR PERFUSION
CARBOPLATINE MYLAN;600;SOLUTION POUR PERFUSION
MYCODERME 150 MG;150;OVULE
BIOMYLASE;200;SUSPENSION BUVABLE
BIOMYLASE;200;SUSPENSION BUVABLE
DEPAKINE;500;COMPRIME GASTRO-RESISTANT
PHARMADIPINE;10;CAPSULE
EPIVIR;150;COMPRIME PELLICULE
TEGELINE 50 MG/ML;5;POUDRE POUR SOLUTION POUR PERFUSION
EQUORAL;100;CAPSULE MOLLE
NEOMOX;500;COMPRIME DISPERSIBLE
CHLORURE DE SODIUM 0.9% SOTHEMA;0.9;SOLUTION POUR PERFUSION
BISOLVON;8;COMPRIME
EFAVIR;600;GELULE
DOLIPRANE;150;SUPPOSITOIRE
DISGREN;300;GELULE
DISGREN;300;GELULE
PURINOL;100;COMPRIME
PURINOL;100;COMPRIME
PREVENAR 13;;SUSPENSION INJECTABLE
CATAPRESSAN;0.15;COMPRIME SECABLE
ROACCUTANE;10;CAPSULE MOLLE
RIFAMPICINE PHARMA;150;GELULE
AMLODIPINE GT;5;COMPRIME SECABLE
AMLODIPINE GT;5;COMPRIME SECABLE
IMUREL;50;COMPRIME PELLICULE
IMUREL;50;COMPRIME PELLICULE
NURODOL;200;COMPRIME ENROBE
NURODOL;200;COMPRIME ENROBE
AVOSTAV;40;GELULE
AVOSTAV;40;GELULE
FRAKIDEX POMMADE;5 / 15750;POMMADE OPHTALMIQUE
DANTRON;8;SOLUTION INJECTABLE
HEXIDYL;0.1;SOLUTION POUR BAIN DE BOUCHE
AZANTAC;50;SOLUTION INJECTABLE
IMIDAZOL;150;GELULE
LOVENOX;4000;SOLUTION INJECTABLE
LEVITRA;5;COMPRIME PELLICULE
SIFROL 1.05 MG;1.05;COMPRIME LP
TRANXENE;10;GELULE
AMUCHIN 3;0.033 / 0.54;SOLUTION POUR APPLICATION LOCALE
DOCEWIN 20 MG/0.5 ML;20;SOLUTION A DILUER POUR PERFUSION
NOVOSEVEN 60 KUI *;1.2;POUDRE POUR SOLUTION INJECTABLE
DOCETAXEL HOSPIRA 10 MG/ML;80;SOLUTION A DILUER POUR PERFUSION
BI-ORAGIN 1.5 MUI/250 MG;1.5 / 250;COMPRIME PELLICULE SECABLE
ARANESP 10 µG;10;SOLUTION INJECTABLE
ARANESP 10 µG;10;SOLUTION INJECTABLE
VOLTARENE;75;SOLUTION INJECTABLE
TOPIRAMATE GT 200 MG;200;COMPRIME PELLICULE
CROMEDIL 2 POUR CENT;2;COLLYRE
CROMEDIL 2 POUR CENT;2;COLLYRE
CO-RENITEC;20 / 12.5;COMPRIME PELLICULE
NEKAR;1;COMPRIME
SIMVASTATINE WIN 20 MG;20;COMPRIME PELLICULE SECABLE
RISPERDAL;1;SOLUTION BUVABLE
CATALGINE NORMALE;500;POUDRE POUR SOLUTION BUVABLE
VENTOLINE;0.5;SOLUTION INJECTABLE
FLUMYK;150;GELULE
OCTANATE 50 UI/ML;250;POUDRE ET SOLVANT POUR SOLUTION INJECTABLE
AMLODIPINE WIN;5;COMPRIME
VOGASET;8;SOLUTION A DILUER POUR PERFUSION
VISCERALGINE;10;SIROP
VISCERALGINE;10;SIROP
BIAFINE;0.67;EMULSION POUR APPLICATION LOCALE
ANTISTAPH / PENISTAPH;250;POUDRE POUR SUSPENSION BUVABLE
ARANESP 50 µG;50;SOLUTION INJECTABLE
ARANESP 50 µG;50;SOLUTION INJECTABLE
ATACAND;16;COMPRIME SECABLE
COMBIVENT;100 / 20;SUSPENSION POUR INHALATION
MEBO;NA / 0.25;CREME
MEBO;NA / 0.25;CREME
DI-INDO;25;COMPRIME EFFERVESCENT
RHINOCORT;64;SUSPENSION NASALE
ZYLORIC;300;COMPRIME
ZYLORIC;300;COMPRIME
ISONE;5;COMPRIME
ETHAMBUTOL PHARMA;500;COMPRIME
ASTAPH;125;POUDRE POUR SUSPENSION BUVABLE
LUCENTIS 10MG/ML;10;SOLUTION INJECTABLE
LUCENTIS 10MG/ML;10;SOLUTION INJECTABLE
AULIN;100;COMPRIME
VOGALENE;0.4;SOLUTION POUR GOUTTES BUVABLES
C-BAC 500 MG;500;COMPRIME ENROBE
S-CITAP 20 MG;20;COMPRIME PELLICULE
GLUCOPHAGE 500;500;COMPRIME PELLICULE
GLYAZID;80;COMPRIME SECABLE
EQUORAL;50;CAPSULE MOLLE
KLEAN PREP;;POUDRE POUR SOLUTION BUVABLE
ACTICARBINE;70 / 14;COMPRIME ENROBE
VOLMAX;4;COMPRIME LP
FLIXOTIDE DISKUS;250;SUSPENSION POUR INHALATION
HUMALOG MIX 25;100;SUSPENSION INJECTABLE INTERMEDIAIRE
ALPHAGAN;0.2;COLLYRE
NIFLURIL;3;POMMADE
KETOFLEX;50;GELULE
NUPENTIN;300;GELULE
NOVONORM;1;COMPRIME
ARIXTRA 2.5 MG/0.5 ML;2.5;SOLUTION INJECTABLE
CALCINIB;10;COMPRIME
DEROXAT;20;COMPRIME PELLICULE SECABLE
EBETAXEL;300;SOLUTION A DILUER POUR PERFUSION
RESORCELL;;BOULETTE
OMEPRAL;20;GELULE
HISTANORM;10;COMPRIME
SUPRIMASE DUO;150;GELULE
SUPRIMASE DUO;150;GELULE
ZELDOX 20MG/ML;20;POUDRE POUR SOLUTION INJECTABLE
AZANTAC;300;COMPRIME EFFERVESCENT
EFFICORT HYDROPHILE;0.127;CREME
A-GRAM;500;POUDRE POUR SUSPENSION BUVABLE
SEPCEN 500 MG;500;COMPRIME
GEMZAR;200;POUDRE POUR PERFUSION
ANTISTAPH / PENISTAPH;500;GELULE
CELESTENE;8;SOLUTION INJECTABLE
CELESTENE CHRONODOSE;5.7;SOLUTION INJECTABLE
PENAMOX;500;GELULE
ZIDIME 1G;1;POUDRE POUR PREPARATION INJECTABLE
POSINE;0.12 / 0.025;COLLYRE
COCCULINE;;GLOBULE DOSE
PEVAGINE;150;OVULE
JAVLOR 25 MG/ML;250;SOLUTION A DILUER POUR PERFUSION
OREX;500;GELULE
LIFONGID;1;CREME
LIFONGID;1;CREME
PERIANEST 0,25%;0.25;SOLUTION INJECTABLE
LEPONEX;100;COMPRIME SECABLE
SEREVENT;25;SUSPENSION POUR INHALATION
BIOMYLASE;200;SOLUTION BUVABLE
BIOMYLASE;200;SOLUTION BUVABLE
ACETATE EM 142;;SOLUTE CONCENTRE
HICONCIL;500;GELULE
CATALGINE;250;POUDRE POUR SOLUTION BUVABLE
TANGANIL;500;COMPRIME
TANGANIL;500;COMPRIME
CARDIX;6.25;COMPRIME SECABLE
CARDIX;6.25;COMPRIME SECABLE
RIFAMPICINE PHARMA;300;GELULE
ZAMOX;500 / 62.5;POUDRE POUR SUSPENSION BUVABLE
ADENOCYNENESINE;;SOLUTION POUR GOUTTES BUVABLES
CEFTAJECT I.V 500 MG/5ML;500;POUDRE POUR SOLUTION INJECTABLE
CEFTAJECT I.V 500 MG/5ML;500;POUDRE POUR SOLUTION INJECTABLE
AMEP 5;5;COMPRIME
LIPANTHYL;160;COMPRIME LP
FACTIVE 320 MG;426.40;COMPRIME PELLICULE
FACTIVE 320 MG;426.40;COMPRIME PELLICULE
CETAMYL;250;POUDRE POUR SOLUTION BUVABLE
INNOHEP 3500 UI ANTI-XA/0,35 ML;10000;SOLUTION INJECTABLE
METOSPIR;1.5 / 250;COMPRIME DISPERSIBLE
BICARBONATE SLF307;;SOLUTE CONCENTRE
INNOHEP 4500 UI ANTI-XA/0,45 ML;10000;SOLUTION INJECTABLE
TOPIRAMATE GT 25 MG;25;COMPRIME PELLICULE
LONGAMYCINE;200;GELULE
BUCCOTHYMOL;0.1 / 0.1;SOLUTION POUR BAIN DE BOUCHE
GEPRID;2;COMPRIME
GEPRID;2;COMPRIME
VFEND;200;POUDRE POUR PERFUSION
NOCOL;20;COMPRIME PELLICULE
DEBRIDAT;100;COMPRIME PELLICULE
GYNO-TROSYD;300;OVULE
EQUANIL;400;SOLUTION INJECTABLE
RECORMON;10000;PREPARATION INJECTABLE
AMAREL;3;COMPRIME
AMBATROL;4;SUSPENSION BUVABLE
POLERY AD.;11.8 / 443;SIROP
STALEVO 50/12.5/200 MG;200 / 50 / 13.50;COMPRIME PELLICULE
STALEVO 50/12.5/200 MG;200 / 50 / 13.50;COMPRIME PELLICULE
GLIMEWIN;2;COMPRIME
GLIMEWIN;2;COMPRIME
TECAN;100;SOLUTION A DILUER POUR PERFUSION
VISCERALGINE;50;COMPRIME PELLICULE
HERPEVIR 5%;50;CREME
FLUCAZOL;150;GELULE
REVLIMID 15 MG;15;GELULE
GRISEO;250;COMPRIME
OSPAMOX;500;COMPRIME DISPERSIBLE
LEVOPHTA;0.05;COLLYRE
NOVONORM;2;COMPRIME
GASTROGEL;3.49 / 3.99;SUSPENSION BUVABLE
COTAREG;160 / 25;COMPRIME PELLICULE
FLUCONAZOLE WIN 150 MG;150;GELULE
FLUCONAZOLE WIN 150 MG;150;GELULE
BIODROXIL;500;GELULE
RISPERDALCONSTA LP 37.5MG/2ML;37.5;POUDRE POUR SUSPENSION INJECTABLE LP
NOMADOL 100 MG/2ML;100;SOLUTION INJECTABLE IV
FUCIDINE;250;COMPRIME PELLICULE
DIFAL;75;SOLUTION INJECTABLE
EFFEXOR;25;COMPRIME
REBIF 22 µG;22;PREPARATION INJECTABLE
REBIF 22 µG;22;PREPARATION INJECTABLE
AZANTAX;150;SOLUTION A DILUER POUR PERFUSION
DOXORUBICINE COOPER;50;LYOPHILISAT POUR PERFUSION
ERYTHROCINE;500;GRANULE POUR SUSPENSION BUVABLE
VERTIS;8;COMPRIME
CIBACEN;10;COMPRIME PELLICULE
DACRYOBORALINE;50;COLLYRE
SEDERGINE;330 / 200;COMPRIME EFFERVESCENT SECABLE
DICLOBERL;75;SOLUTION INJECTABLE
ACIDE SLF275M;;SOLUTE CONCENTRE
DERZOL;150;GELULE
ASTAPH;250;POUDRE ET SOLVANT POUR SOLUTION INJECTABLE
DEPAKINE;200;COMPRIME GASTRO-RESISTANT
SIFROL 0.26 MG;0.26;COMPRIME LP
ADRIBLASTINE;10;LYOPHILISAT POUR PERFUSION
LYRICA;300;GELULE
D-RUBICIN-10;10;POUDRE POUR PERFUSION
PRISDAL;0.5;COMPRIME PELLICULE
PRISDAL;0.5;COMPRIME PELLICULE
FERRIPROX;500;COMPRIME PELLICULE SECABLE
INNOHEP 14 000 UI ANTI-XA/0,7 ML;20000;SOLUTION INJECTABLE
POLARAMINE;2;COMPRIME SECABLE
FORTOVASE;200;CAPSULE MOLLE
FLIXOTIDE;250;SUSPENSION POUR INHALATION
KIDROLASE;10000;POUDRE POUR SOLUTION INJECTABLE
KIDROLASE;10000;POUDRE POUR SOLUTION INJECTABLE
RETISOL-A;0.1;CREME
STARPEN;0.25;GRANULE POUR SUSPENSION BUVABLE
TIM-87 0,5 %;0.5;COLLYRE
RISPERDALCONSTA LP 50MG/2ML;50;POUDRE POUR SUSPENSION INJECTABLE LP
PARFENAC 5%;5;CREME
ARCOXIA;90;COMPRIME PELLICULE
MIRCERA 150 µG/0.3 ML;150;SOLUTION INJECTABLE
LOSARTAN /HCTZ GT;50 / 12.5;COMPRIME PELLICULE SECABLE
LORIX;10;COMPRIME
LYSOPURIC;100;COMPRIME SECABLE
PACLITAXEL PHARMACHEMIE 6MG/ML;30;CONCENTRE POUR SOLUTION POUR PERFUSION
NEOCLAV 100 MG/12.5 MG/ ML ENFANT;100 / 12.5;POUDRE POUR SUSPENSION BUVABLE
AZARGA 10 MG/ML+5 MG/ML;10 / 5;COLLYRE
OSPEN;1;COMPRIME SECABLE
ZYLORIC;200;COMPRIME
ZYLORIC;200;COMPRIME
RAMIPRIL/HCTZ GT;5 / 25;COMPRIME
FRAXIPARINE;5700;SOLUTION INJECTABLE
KLIOGEST;2 / 1;COMPRIME PELLICULE
VIRAFERONPEG 50 µG;50;POUDRE ET SOLVANT POUR SOLUTION INJECTABLE
EFFEXOR;50;COMPRIME
COZAAR;50;COMPRIME ENROBE SECABLE
EPREX;4000;SOLUTION INJECTABLE
TRISULFA;400 / 80;COMPRIME
GLEMA;3;COMPRIME
IXOR;20;COMPRIME EFFERVESCENT
TRIBUTINE 150 MG;150;GELULE
NIFLURIL;700;SUPPOSITOIRE
DIPROSONE;0.05;POMMADE
DIPROSONE;0.05;POMMADE
NEUPOGEN;48;SOLUTION INJECTABLE
AKINDEX SIROP ADULTE;0.133;SIROP
PARANTAL C 1000;500 / 1000;COMPRIME EFFERVESCENT
ANCINE PLUS 100MG/25MG;100 / 25;COMPRIME PELLICULE
FLIXONASE;50;SUSPENSION NASALE
EQUANIL;400;COMPRIME ENROBE
FRAXIPARINE;7600;SOLUTION INJECTABLE
TRITAZIDE 10MG / 25MG;10 / 25;COMPRIME SECABLE
AULCER 20 MG;20;GELULE
URADOX 2 MG;2;COMPRIME
ACIDAC;150;COMPRIME ENROBE
METROZAL;4;SUSPENSION BUVABLE
VIRGAN;0.15;GEL OPHTALMIQUE
CAPD/DPCA 4;;SOLUTION POUR DIALYSE PERITONEALE
FRAXIPARINE;3800;SOLUTION INJECTABLE
PHARMAETHYL;99.95;GAZ LIQUEFIE
URGOCOR CORICIDE;32;PANSEMENT MEDICAMENTEUX
FRAXIPARINE;2850;SOLUTION INJECTABLE
COQUELUSEDAL PARACETAMOL NOURRISSON;5 / 10 / 100;SUPPOSITOIRE
INNOHEP 3500 UI ANTI-XA/0,35 ML;3500;SOLUTION INJECTABLE
CLORACEF;500;COMPRIME DISPERSIBLE
NOMYC;150;GELULE
NOMYC;150;GELULE
OROTREX;20;CAPSULE MOLLE
URADOX 2 MG;2;COMPRIME
JAVLOR 25MG/ML;50;SOLUTION A DILUER POUR PERFUSION
SULFAM;80;COMPRIME SECABLE
HOLOXAN;500;POUDRE POUR PERFUSION
BREXIN;20;COMPRIME SECABLE
UMATROPE;18;POUDRE ET SOLVANT POUR SOLUTION INJECTABLE
PHARMAZINE;50;COMPRIME DRAGEIFIE
NIFLURIL;400;SUPPOSITOIRE
NITRODERM TTS 5;5;DISPOSITIF TRANSDERMIQUE
CICADERMA;;POMMADE
AGIFENE;5;GEL
ORADEXON;5;SOLUTION INJECTABLE
DOCEWIN 80 MG/2 ML;80;SOLUTION A DILUER POUR PERFUSION
CRIZEPINE;200;COMPRIME SECABLE
SEDONASE;1500000;SOLUTION INJECTABLE
AMOXICILLINE/ACIDE CLAVULANIQUE MYLAN;2 / 200;POUDRE POUR SOLUTION INJECTABLE
HIBOR 7500 UI ANTI XA;7500;SOLUTION INJECTABLE
OMIZ 20 MG;20;GELULE
GENTA;80;SOLUTION INJECTABLE
DRILL TOUX SÈCHE AD.;15;SIROP
CEFTAJECT I.M 1G/10 ML;1;POUDRE POUR PREPARATION INJECTABLE
CEFTAJECT I.M 1G/10 ML;1;POUDRE POUR PREPARATION INJECTABLE
DIVARIUS 20 MG;20;COMPRIME PELLICULE SECABLE
DIVARIUS 20 MG;20;COMPRIME PELLICULE SECABLE
TOBRADEX;0.3 / 0.1;COLLYRE
FLOXAPEN;1;POUDRE POUR USAGE PARENTERAL
AGLIM 2 MG;2;COMPRIME
KETODERM;2;GEL
AXIMYCINE;500;POUDRE POUR SUSPENSION BUVABLE
COLPOTROPHINE;1;CREME VAGINALE
BELMAZOL 20MG;20;GELULE
MIDANIUM;5;SOLUTION INJECTABLE
MIDANIUM;5;SOLUTION INJECTABLE
FOLINATE DE CALCIUM AGUETTANT 100 MG;100;POUDRE POUR SOLUTION INJECTABLE
VASCOR LM;35;COMPRIME ENROBE LM
VASCOR LM;35;COMPRIME ENROBE LM
COTAREG;80 / 12.5;COMPRIME PELLICULE
SINGULAIR;4;COMPRIME A CROQUER
OMEPRAL;20;GELULE
POLYGYNAX;35 000 / 35 000 / 100 000;CAPSULE VAGINALE
POLYGYNAX;35 000 / 35 000 / 100 000;CAPSULE VAGINALE
MAXIMAG;1.5;SOLUTION BUVABLE
XARELTO;10;COMPRIME PELLICULE
XARELTO;10;COMPRIME PELLICULE
BEROCCA ZINC;;COMPRIME EFFERVESCENT
PREZAR;50;COMPRIME PELLICULE SECABLE
AZOPT;10;COLLYRE
ENDOXAN 1 G;1;POUDRE POUR SOLUTION INJECTABLE IV
SENOPHILE;2.5 / 0.5;POMMADE
ARANESP 40 µG;40;SOLUTION INJECTABLE
ARANESP 40 µG;40;SOLUTION INJECTABLE
CIVASTINE;40;COMPRIME ENROBE
ERYFLUID;4;SOLUTION POUR APPLICATION LOCALE
KARDEGIC;160;POUDRE POUR SOLUTION BUVABLE
DILRENE LP;300;GELULE LP
COLCHICINE;1;COMPRIME SECABLE
COLCHICINE;1;COMPRIME SECABLE
DIPREZAR FORT;100 / 25;COMPRIME PELLICULE
DOGMATIL;0.5;SOLUTION BUVABLE
DOGMATIL;0.5;SOLUTION BUVABLE
BIGUAN 850;850;COMPRIME
ISENTRESS;400;COMPRIME PELLICULE
SULFAPRIM;4 / 800;SUSPENSION BUVABLE
KEFLIN;1;POUDRE POUR SOLUTION INJECTABLE
MUCICLAR ADULTE;5;SIROP
LISASPIN;250;POUDRE POUR SOLUTION BUVABLE
DOLIPRANE;1;COMPRIME SECABLE
CARBOPLATINE AGUETTANT 50 MG;50;SOLUTION POUR PERFUSION
STREPTOCID;250;COMPRIME DISPERSIBLE
ALGIPAN BAUME;100 / 100 / 10;CREME
NOVOMIX 30 PENFILL;100;SUSPENSION INJECTABLE INTERMEDIAIRE
EBETAXEL;30;SOLUTION A DILUER POUR PERFUSION
CRIZEPINE;2;SUSPENSION BUVABLE
AMLOR;10;COMPRIME
EFITAC;75;COMPRIME EFFERVESCENT
EFITAC;75;COMPRIME EFFERVESCENT
CEPLATIN;50;SOLUTION POUR PERFUSION
FASIGYNE;500;COMPRIME ENROBE
HERPEVIR;200;COMPRIME
KETODERM;2;CREME
MICROZIDE;80;COMPRIME SECABLE
AGLIM 4 MG;4;COMPRIME
LEDERTREXATE 50 MG;50;SOLUTION INJECTABLE
MIDAZOLAM MYLAN;5;SOLUTION INJECTABLE
SORBALCA;300 / 500;COMPRIME EFFERVESCENT
EFDOL CAFEINE;500 / 50;COMPRIME
OEDES;20;GELULE
PACLITAXEL MYLAN PHARMA 300 MG/50 ML;300;SOLUTION A DILUER POUR PERFUSION
TETRACYCLINE LAPROPHAN;3;POMMADE
INIKAL 5 MG;5;COMPRIME
CYMBALTA;30;GELULE GASTRO-RESISTANTE
CIALIS;10;COMPRIME PELLICULE
CIALIS;10;COMPRIME PELLICULE
CANAFLUCAN;150;GELULE
FLUMAX 2000 UI ANTI-XA/0.2ML;2000;SOLUTION INJECTABLE
RAZON;40;COMPRIME ENROBE GASTRO-RESISTANT
OPTICILLINE;250;POUDRE POUR USAGE PARENTERAL
PYRALVEX;5 / 1;SOLUTION BUCCALE ET GINGIVALE
MEBEVERINE FORTE;135;COMPRIME PELLICULE
TIMABAK;0.25;COLLYRE
GLUCOR;100;COMPRIME SECABLE
TRAMIUM 100 MG;100;GELULE LP
DONTOGYL;0.75 / 125;COMPRIME PELLICULE
MUCILAR ENFANTS ET NOURISSONS;2;SIROP
FRAGMIN;2500;SOLUTION INJECTABLE
NEOMOX;500;GELULE
BICARBONATE EM 39;;SOLUTE CONCENTRE
ZYRTEC;10;SOLUTION POUR GOUTTES BUVABLES
ALLERGINE;10;COMPRIME SECABLE
SOLUPRED;5;COMPRIME EFFERVESCENT
CEFTRIAXONE MYLAN;250;POUDRE POUR SOLUTION INJECTABLE
CACIT;1;COMPRIME EFFERVESCENT
RODAL;1;COMPRIME DISPERSIBLE
INSULINE INSULATARD HM PENFILL;100;SUSPENSION INJECTABLE INTERMEDIAIRE
PRIMALAN;5;COMPRIME SECABLE
PRAVASTATINE GT;20;COMPRIME
MANNITOL 20% LAPROPHAN;20;SOLUTION POUR PERFUSION
EULEXINE;250;COMPRIME
BUPIVACAINE AGUETTANT 5MG/ML;0.5;SOLUTION INJECTABLE
SPASFON;80;COMPRIME ENROBE
SERTRALINE GT 100 MG;100;COMPRIME PELLICULE
SERTRALINE GT 100 MG;100;COMPRIME PELLICULE
EOSINE PHARMA;2;SOLUTION POUR APPLICATION LOCALE
SPECTRUM;200;SOLUTION INJECTABLE
SPECTRUM;200;SOLUTION INJECTABLE
RHUMAGRIP;500 / 30;COMPRIME
STAPHYPEN;500;GELULE
ORACEFAL;500;POUDRE POUR SUSPENSION BUVABLE
APIDRA SOLOSTAR;100;SOLUTION INJECTABLE
APIDRA SOLOSTAR;100;SOLUTION INJECTABLE
MYCODERME 1%;1;CREME
MYDRIATICUM;0.5;COLLYRE
MOBIC;15;COMPRIME SECABLE
ALFAMOX;500;GELULE
GENTAMEN 160;160;SOLUTION INJECTABLE
RINOCLENIL 50 MCG;50;SUSPENSION NASALE
RINOCLENIL 50 MCG;50;SUSPENSION NASALE
GLYCEMAT;80;COMPRIME SECABLE
BUPIVACAINE MYLAN 20 MG/4 ML;0.5;SOLUTION INJECTABLE
FRAXIPARINE;7600;SOLUTION INJECTABLE
ASPEGIC;500;POUDRE POUR SOLUTION BUVABLE
ASPEGIC;500;POUDRE POUR SOLUTION BUVABLE
ALFACEFAL 250 MG/5 ML;3;POUDRE POUR SUSPENSION BUVABLE
ACIDAC;150;COMPRIME ENROBE
TOTAPEN;1;POUDRE POUR SOLUTION INJECTABLE
BICARBONATE EM 59;;SOLUTE CONCENTRE
THEOPHYLLINE BRUNEAU ENFANT;100;SUPPOSITOIRE
IRINOTECAN COOPER;40;SOLUTION A DILUER POUR PERFUSION
IRINOTECAN COOPER;40;SOLUTION A DILUER POUR PERFUSION
RIBOMICIN;0.3;COLLYRE
GLIVEC;100;GELULE
NEO-CODION NOURRISSONS;1.482 / 0.6175;SIROP
OLIPLAT;50;POUDRE POUR PERFUSION
CLAMOXYL;500;POUDRE POUR SUSPENSION BUVABLE
STARMOX;500;POUDRE POUR SUSPENSION BUVABLE
INSULINE ACTRAPID HM PENFILL;100;SOLUTION INJECTABLE
MEZOR 40 MG;40;GELULE GASTRO-RESISTANTE
DIGOXINE NATIVELLE;5;SOLUTION BUVABLE
ACIDE SLF241;;SOLUTE CONCENTRE
COAPROVEL;150 / 12.5;COMPRIME ENROBE GASTRO-RESISTANT
EXOSEPTOPLIX;125;SOLUTION POUR APPLICATION LOCALE
FUCIDINE;2;CREME
AMLODIPINE GT;10;COMPRIME SECABLE
AMLODIPINE GT;10;COMPRIME SECABLE
VIRAFERON PEG;150;POUDRE POUR SOLUTION INJECTABLE
FONGICAN;150;GELULE
BRONCHOKOD SANS SUCRE;5;SIROP
RETIMAX;400;COMPRIME
MITOXANTRONE EBEWE;10;SOLUTION A DILUER POUR PERFUSION
VASTAREL;20;COMPRIME PELLICULE
BUPIVACAINE MYLAN RACHIANESTHESIE 20 MG/4 ML;0.5;SOLUTION INJECTABLE
MOLGAM 100 MG;100;COMPRIME
EFFERALGAN;3;SOLUTION BUVABLE
ALKERAN;2;COMPRIME
NO-SPA;80;COMPRIME
NO-SPA;80;COMPRIME
BIOSULIN N;100;SUSPENSION INJECTABLE INTERMEDIAIRE
TICLID;250;COMPRIME PELLICULE
LIFONGID;1;CREME
LIFONGID;1;CREME
SOMATULINE LP 60MG;60;SOLUTION INJECTABLE LP
SOMATULINE LP 60MG;60;SOLUTION INJECTABLE LP
EPREX 10000 UI/ML;4000;SOLUTION INJECTABLE
SEPTIVON;0.5;SOLUTION MOUSSANTE POUR APPLICATION LOCALE
STATOR 40 MG;40;COMPRIME ENROBE
TENORDATE;20 / 50;GELULE
INEGY 10MG/10MG;10 / 10;COMPRIME
LOMET;15;GELULE
LISASPIN;500;POUDRE POUR SOLUTION BUVABLE
BIODROXIL;1;COMPRIME ENROBE
BRONCHOFLUIDE SANS SUCRE;5;SOLUTION BUVABLE
XYTENOL;100;COMPRIME SECABLE
ORACEFAL;125;POUDRE POUR SUSPENSION BUVABLE
FACTEUR IX DE COAGULATION HUMAIN-CNTS 50 UI/ML;500;POUDRE ET SOLVANT POUR SOLUTION INJECTABLE
GRISEO;5;POMMADE
ALFAMOX;250;POUDRE POUR SUSPENSION BUVABLE
VEPESIDE;100;SOLUTION POUR PERFUSION
AFINITOR 5 MG;5;COMPRIME
VOGASET;4;SOLUTION A DILUER POUR PERFUSION
AGIDERM;2;CREME
KARDEGIC 75MG;75;POUDRE POUR SOLUTION BUVABLE
KARDEGIC 75MG;75;POUDRE POUR SOLUTION BUVABLE
RAMIPRIL WIN;5;COMPRIME
RAMIPRIL WIN;5;COMPRIME
ULTRA-LEVURE;250;POUDRE POUR SUSPENSION BUVABLE
PROFLOX;500;COMPRIME ENROBE
PROFLOX;500;COMPRIME ENROBE
BETADINE;10;GEL
MYNAZOL;150;GELULE
MYNAZOL;150;GELULE
TECPRIL;2.5;GELULE
CHRONADALATE L.P;20;COMPRIME OSMOTIQUE LP
DILATOR ECOSPRAY;100;SUSPENSION POUR INHALATION
DILATOR ECOSPRAY;100;SUSPENSION POUR INHALATION
INTETRIX;50 / 200;GELULE
COAPROVEL;150 / 12.5;COMPRIME ENROBE
ACIDE DEXTROSE EM 80 D2;;SOLUTE CONCENTRE
ONGECIN;1;POUDRE POUR SOLUTION POUR PERFUSION
EXELON PATCH 10;18;DISPOSITIF TRANSDERMIQUE
VIRAFERONPEG 80 µG;80;POUDRE ET SOLVANT POUR SOLUTION INJECTABLE
ARIXTRA 2.5 MG/0.5 ML;2.5;SOLUTION INJECTABLE
OROTREX;10;CAPSULE MOLLE
GRISEOPHARM;250;COMPRIME
PROCTOLOG;0.12 / 0.01;SUPPOSITOIRE
VELAXOR LP;37.5;GELULE LP
ARTHRODONT 1 %;1;PATE DENTAIRE
DILATREND;6.25;COMPRIME
GLUCOR;50;COMPRIME
ULTIVA 1 MG;1;POUDRE POUR PREPARATION INJECTABLE
ULTIVA 1 MG;1;POUDRE POUR PREPARATION INJECTABLE
PULPERYL;4.1;SOLUTION POUR APPLICATION LOCALE
BIOTIC PLUS;1 / 125;POUDRE POUR SUSPENSION BUVABLE
BONDRONAT;50;COMPRIME ENROBE
AVENOC;;SUPPOSITOIRE
DANTRON;4;SOLUTION INJECTABLE
PRILVAS;5;COMPRIME SECABLE
SYNNAX;50;COMPRIME
SYNNAX;50;COMPRIME
RETISOL-A;0.05;CREME
AERRANE;100;SOLUTION POUR INHALATION
AERRANE;100;SOLUTION POUR INHALATION
OKA-DOCETAXEL;80;SOLUTION A DILUER POUR PERFUSION
MAXILASE;3000;COMPRIME ENROBE
PROSTIGMINE;0.5;SOLUTION INJECTABLE
BIOSULIN 30/70 MIXTE;100;SUSPENSION INJECTABLE INTERMEDIAIRE
BACTOX;500;POUDRE POUR SUSPENSION BUVABLE
STEROGYL GOUTTES;2;SOLUTION POUR GOUTTES BUVABLES
OPTICILLINE;500;GELULE
MELOXICAM GT;7.5;COMPRIME
MELOXICAM GT;7.5;COMPRIME
MEGASFON;80 / 80;COMPRIME PELLICULE
MEGASFON;80 / 80;COMPRIME PELLICULE
BEROCCA ZINC;;COMPRIME EFFERVESCENT
MYK;1;CREME
INSULINE INSULATARD HM PENFILL;100;SUSPENSION INJECTABLE INTERMEDIAIRE
TAVANIC;500;COMPRIME PELLICULE SECABLE
PHENOCILLINE;1;COMPRIME SECABLE
PNEUMOCCID;250;COMPRIME DISPERSIBLE
LEVITRA;10;COMPRIME PELLICULE
RISPERDAL ORO 3MG;3;COMPRIME ORODISPERSIBLE
POLYTAR LIQUIDE;1;SHAMPOOING
CHONDROSULF 400 MG;400;GELULE
BEMAG;0.5 / 0.125;SOLUTION BUVABLE
ADRONAT 70 MG;70;COMPRIME
TAXOL;30;SOLUTION A DILUER POUR PERFUSION
BIOMOX;1;COMPRIME DISPERSIBLE
STATOR 40 MG;40;COMPRIME ENROBE
ACIDE ALENDRONIQUE GT;70;COMPRIME PELLICULE
PROGRAF;1;GELULE
PROGRAF;1;GELULE
TELEBRIX 30 MEGLUMINE;19.81;SOLUTION INJECTABLE
DICLO PHARMA 5;50;COMPRIME GASTRO-RESISTANT
TOTIFEN;1;GELULE
MOLGAM 200 MG;200;COMPRIME
NAUSELIUM 10 MG;10;COMPRIME PELLICULE
UMAX 400 µG LP;0.4;GELULE LP
LANTUS;100;SOLUTION INJECTABLE LP
TIMOPTOL;0.5;COLLYRE
BRONCHOFLUIDE;5;SOLUTION BUVABLE
AMAREL;4;COMPRIME
AMAREL;4;COMPRIME
ALTEC;2.5;GELULE
HEXABRIX;320;SOLUTION INJECTABLE
ZITHROMAX;100;POUDRE POUR SUSPENSION BUVABLE
FONGICAN 50 MG;50;GELULE
DAILY GÉ;0.05 / 0.03;COMPRIME ENROBE
ZYRDOL-GYN;500;OVULE
BULMOL;8;GELULE
GLUCOPHAGE 850;850;COMPRIME PELLICULE
IMUSPORIN;25;CAPSULE MOLLE
ATROPINE PROMOPHARM 1 MG;1;SOLUTION INJECTABLE
FLUOCARIL BF 250;0.25;PATE DENTIFRICE
TRIAXON;250;POUDRE POUR SOLUTION INJECTABLE
ROFERON-A;4.5;PREPARATION INJECTABLE
TRIMOX;400 / 80;COMPRIME
CLADIA;500;COMPRIME ENROBE
DURESAN;40;COMPRIME
LAMICTAL;25;COMPRIME DISPERSIBLE
DIFLUCAN;150;GELULE
NEOMOX;1;COMPRIME DISPERSIBLE
ALGANTIL;5;GEL
RINGER LACTATE SOTHEMA;0.6 / 0.04;SOLUTION POUR PERFUSION
HAEMACCEL;;SOLUTION POUR PERFUSION
NOVOFEM;1 / 1;COMPRIME PELLICULE
DIALENS;5 / 5;COLLYRE
GLUCOSE 5% SOTHEMA;5;SOLUTION POUR PERFUSION
OEDES 20 MG;20;GELULE
CARDIJECT;250;POUDRE POUR USAGE PARENTERAL
ERYTHROCINE;1;GRANULE POUR SOLUTION BUVABLE
CALCINIB;5;COMPRIME
LUDIOMIL;75;COMPRIME PELLICULE
TRIMOX FORT;800 / 160;COMPRIME
ALZOLE 20 MG;20;GELULE
ALZOLE 20 MG;20;GELULE
BUSCOPAN;10;SUPPOSITOIRE
AMOVAS;5;COMPRIME
FLUSTAPH;250;POUDRE POUR SUSPENSION BUVABLE
TROPHIRES ADULTES;110 / 285;SUPPOSITOIRE
HIPOTENSIL;50;COMPRIME
VIRLIX;10;COMPRIME PELLICULE SECABLE
PNEUMOCCID;500;GELULE
MYCOFLU 150 MG;150;GELULE
SPASFON 40 MG;40 / 0.04;SOLUTION INJECTABLE
SPASFON 40 MG;40 / 0.04;SOLUTION INJECTABLE
MIGRALGINE;400 / 62.5;GELULE
XERIUM 20 MG;20;COMPRIME SECABLE
SYMBICORT TURBUHALER;100 / 6;POUDRE POUR INHALATION
DOLIPRANE;200;SUPPOSITOIRE
TEMODAL;5;GELULE
TEMODAL;20;GELULE
LINCOCINE;250;SIROP
RECORMON;500;SOLUTION INJECTABLE
FRAXIPARINE;3800;SOLUTION INJECTABLE
PHARMAFLAM RETARD;100;COMPRIME LP
CORRECTOL;0.1;COLLYRE
VELAXOR LP;75;GELULE LP
NORMET;100;COMPRIME SECABLE
VERASKIN;4;GEL
ASTAPH;500;POUDRE POUR SUSPENSION BUVABLE
GENTAMICINE LLORENTE;160;SOLUTION INJECTABLE
INSPRA 50 MG;50;COMPRIME PELLICULE
BRONCHOFLUIDE;5;SOLUTION BUVABLE
MINIDIAB;5;COMPRIME SECABLE
EZETROL;10;COMPRIME
NOVOCLIN;500 / 125;COMPRIME ENROBE
C-BAC 500 MG;500;COMPRIME ENROBE
TERFINE 250 MG PROMOPHARM;250;COMPRIME
TRITAZIDE 10MG / 25MG;10 / 25;COMPRIME SECABLE
INDOLAN;50;SUPPOSITOIRE
PRIMALAN;10;COMPRIME SECABLE
NEOCLAV 100MG/12.5MG/ML NOURRISSON;100 / 12.5;POUDRE POUR SUSPENSION BUVABLE
SUPANGINE;125 / 40;SUPPOSITOIRE
DOXYMYCINE;200;COMPRIME DISPERSIBLE
PRISDAL;4;COMPRIME PELLICULE
BIOTIC PLUS;1 / 125;POUDRE POUR SUSPENSION BUVABLE
OMEGEN;10;GELULE GASTRO-RESISTANTE
ALFAMOX;1;POUDRE POUR SUSPENSION BUVABLE
ALFAMOX;1;POUDRE POUR SUSPENSION BUVABLE
FLAGYL;500;OVULE
EUSAPRIM FORT;800 / 160;COMPRIME SECABLE
ZOPIDOX;10;COMPRIME PELLICULE
CHLORTETRACYCLINE LAPROPHAN;1;POMMADE OPHTALMIQUE
TECPRIL;1.25;GELULE
ALODONT;5 / 50;SOLUTION POUR BAIN DE BOUCHE
VISUDYNE;15;POUDRE POUR SOLUTION POUR PERFUSION
UMILINE NPH PEN;100;SUSPENSION INJECTABLE INTERMEDIAIRE
GRISEOPHARM;125;COMPRIME
ZOCOR;40;COMPRIME ENROBE GASTRO-RESISTANT
PROFLOX;500;COMPRIME ENROBE
LASILIX SPECIAL;250;SOLUTION INJECTABLE
CELLCEPT;500;COMPRIME PELLICULE
VIBRAMYCINE;100;COMPRIME
MODITEN;25;COMPRIME ENROBE
SUPPOSEDAL ADULTE;40/40/20;SUPPOSITOIRE
CHLORURE DE SODIUM LAPROPHAN;0.9;SOLUTION POUR PERFUSION
HIBOR 2500 UI ANTI XA;2500;SOLUTION INJECTABLE
AERIUS;0.5;SIROP
INNOHEP 18 000 UI ANTI-XA/0,9 ML;18000;SOLUTION INJECTABLE
CIBACALCINE;0.5;POUDRE POUR SOLUTION INJECTABLE
CHLORTETRACYCLINE LAPROPHAN;3;POMMADE
AVONEX 30µG/0.5ML;30;SOLUTION INJECTABLE
SULPIDAL;50;GELULE
OXAPLATINE MYLAN 5 MG/ML;50;POUDRE POUR PERFUSION
DUOTRAV;40 / 5;COLLYRE
DUOTRAV;40 / 5;COLLYRE
TOPICORTE 0,25%;0.25;CREME
PRISDAL;4;COMPRIME PELLICULE
OXIDEN;20;SUPPOSITOIRE
PACLITAXEL PHARMACHEMIE 6MG/ML;100;CONCENTRE POUR SOLUTION POUR PERFUSION
HEXABRIX;320;SOLUTION INJECTABLE
GAVISCON;500 / 267;SUSPENSION BUVABLE
PAROXETINE WIN;20;COMPRIME PELLICULE SECABLE
LIBRAX;2.5 / 5;COMPRIME ENROBE
DONZEP 10 MG;10;COMPRIME PELLICULE
TILCOTIL;20;LYOPHILISAT POUR SOLUTION INJECTABLE
TEMGESIC;0.3;SOLUTION INJECTABLE
LOSARTAN GT;50;COMPRIME PELLICULE SECABLE
POLYTAR AF;1 / 1;SHAMPOOING
VIRECTIL 100 MG;100;COMPRIME PELLICULE
PROCTO GLYVENOL;50 / 20;CREME RECTALE
HUMEX COLLUTOIRE;0.3 / 0.03;COLLUTOIRE
DESOMEDINE;0.1;COLLYRE
PARAGRIPPE;;GLOBULE DOSE
WELLBUTRIN XR 150 MG;150;COMPRIME PELLICULE LM
TAMOXIFENE MYLAN;20;COMPRIME
MARCAINE RACHIANESTHESIE;0.5;SOLUTION INJECTABLE
ALTEC;10;GELULE
SEDATIF PC;;COMPRIME
ZOLOFT;50;GELULE
ALDACTONE;75;COMPRIME PELLICULE SECABLE
BRONCOLIBER ADULTE;30;SIROP
FLAGENTYL;500;COMPRIME PELLICULE SECABLE
FLAGENTYL;500;COMPRIME PELLICULE SECABLE
PRESTOLE;50 / 25;GELULE
FLUIBRON;30;POUDRE POUR SUSPENSION BUVABLE
HUMEX RHUME;1 / 60;COMPRIME ET GELULE
POSTE PENGHA;15.8;PATE DENTAIRE
VOLTARENE EMULGEL;1;GEL
ALMIDE;0.1;COLLYRE
EXACYL;250;COMPRIME PELLICULE
PAXELADINE;0.2;SIROP
TEGUMA;1;CREME
TEGUMA;1;CREME
MAGISTRAL;100;SUSPENSION POUR INHALATION BUCCALE
MAGISTRAL;100;SUSPENSION POUR INHALATION BUCCALE
CETIRAL;10;COMPRIME PELLICULE
MAXIDROL;0.1 / 350000;POMMADE OPHTALMIQUE
TONICALCIUM ENFANTS;250 / 250;SOLUTION BUVABLE
ISKEDYL;0.3125 / 6.25;SOLUTION INJECTABLE
OVESTIN;0.5;OVULE
DOMPELIUM 1 MG / ML;1;SUSPENSION BUVABLE
DUROGESIC;50;DISPOSITIF TRANSDERMIQUE
CAPEN;50;COMPRIME
CINABAC;500;COMPRIME PELLICULE
LIVIAL;2.5;COMPRIME
VIAGRA;50;COMPRIME ENROBE
PRILVAS;20;COMPRIME SECABLE
EPOTIN;2000;SOLUTION INJECTABLE
CISPLATINE COOPER;50;SOLUTION POUR PERFUSION
CYMBALTA;60;GELULE GASTRO-RESISTANTE
COAPROVEL;300 / 12.5;COMPRIME ENROBE
UROCTAL;400;COMPRIME
ESTRAPATCH 60 µG/24 HEURES;1.90;DISPOSITIF TRANSDERMIQUE
HEXABRIX;200;SOLUTION INJECTABLE
NEOMOX;500;COMPRIME DISPERSIBLE
ASKARDIL 160MG;160;COMPRIME DISPERSIBLE
ULCESTOP;400;COMPRIME
LORCARD;5;COMPRIME
ADALATE RETARD;20;COMPRIME LP
XEDILOL;25;COMPRIME SECABLE
FLAGENTYL;500;COMPRIME PELLICULE SECABLE
FLAGYL;250;COMPRIME PELLICULE
GENTAMICINE LLORENTE;120;SOLUTION INJECTABLE
MYCOSPOR ONYCHOSET;0.1 / 4;POMMADE
NUPENTIN;400;GELULE
MEDIZAPIN 7.5 MG;7.5;COMPRIME PELLICULE
MACROMAX;500;COMPRIME
MACROMAX;500;COMPRIME
BRUFEN;400;COMPRIME ENROBE
CO-VALSARTAN WIN 160MG/25MG;160 / 25;COMPRIME PELLICULE
SULFAM;80;COMPRIME SECABLE
ADIZEM;240;GELULE LP
EUPHON;15 / 45;SIROP
JANUMET;50 / 1000;COMPRIME PELLICULE
NOVOSEVEN 120 KUI *;2.4;POUDRE POUR SOLUTION INJECTABLE
ACIDE EM;;SOLUTE CONCENTRE
WARTEC;0.15;CREME
MUXOL;15;SOLUTION BUVABLE
MICROPAQUE COLON;369.52;POUDRE RECTALE
DIGERVIN 40 MG;40;COMPRIME
CIPROFLOXACINE MYLAN 400 MG/200 ML;400;SOLUTION POUR PERFUSION
ERYTHROCINE;500;GRANULE POUR SOLUTION BUVABLE
ELISOR;20;COMPRIME SECABLE
FLUIMUCIL;200;GRANULE POUR SOLUTION BUVABLE
OMEPRAL;20;GELULE
GENTAL;0.3;COLLYRE
ALFAPROXINE;250;COMPRIME PELLICULE
ALFAPROXINE;250;COMPRIME PELLICULE
MEGAMAG;400;GELULE
STREPTASE 750 000 UI;750000;POUDRE POUR USAGE PARENTERAL
LOCATOP;0.1;CREME
SERETIDE;50 / 25;SUSPENSION POUR INHALATION
NAPROSYNE;500;SUPPOSITOIRE
NAPROSYNE;500;SUPPOSITOIRE
LISASPIN;100;POUDRE POUR SOLUTION BUVABLE
DUROGESIC;100;DISPOSITIF TRANSDERMIQUE
SERETIDE;100 / 50;POUDRE POUR INHALATION
ALFATIL;250;POUDRE POUR SUSPENSION BUVABLE
ALFATIL;250;POUDRE POUR SUSPENSION BUVABLE
ANTARENE 20MG/ML;2;SUSPENSION BUVABLE
ANTARENE 20MG/ML;2;SUSPENSION BUVABLE
FENTANYL MYLAN;100;SOLUTION INJECTABLE
REVOLADE 25MG;25;COMPRIME PELLICULE
REVOLADE 25MG;25;COMPRIME PELLICULE
MICRODIOL;0.15 / 0.03;COMPRIME
NOVEX;4000;SOLUTION INJECTABLE
FERO-GRAD VIT C 500;105 / 500;COMPRIME ENROBE
CEPHYL;;COMPRIME
ROCEPHIN IM;250;POUDRE POUR SOLUTION INJECTABLE
FONGICAN;150;GELULE
CAUSTINERF SANS ARSENIC;37;PATE DENTAIRE
TRONID;500;COMPRIME
NEULEPTIL;4;SOLUTION POUR GOUTTES BUVABLES
NEULEPTIL;4;SOLUTION POUR GOUTTES BUVABLES
AZIMAX;200;POUDRE POUR SUSPENSION BUVABLE
ERY 250 MG;250;GRANULE POUR SUSPENSION BUVABLE
FLUARIX;;SUSPENSION INJECTABLE
FLOXAM;250;POUDRE POUR SUSPENSION BUVABLE
GENTAL;0.3;COLLYRE
PULVO 47 NEO;800000 / 60;POUDRE POUR APPLICATION LOCALE
BUCOCINE;20 / 10;COMPRIME SUBLINGUAL
DICLOPHARM;25;COMPRIME ENROBE
CLOPIDOGREL GT 75 MG;75;COMPRIME PELLICULE
ZINOXIME 750 MG IM/IV;750;POUDRE POUR SOLUTION INJECTABLE
ZINOXIME 750 MG IM/IV;750;POUDRE POUR SOLUTION INJECTABLE
DOPAMINE PIERRE FABRE;200;SOLUTION A DILUER POUR PERFUSION
ZOVIRAX;250;POUDRE POUR PERFUSION
EXJADE;125;COMPRIME DISPERSIBLE
EXJADE;125;COMPRIME DISPERSIBLE
PNEUMO 23;;SOLUTION INJECTABLE
PARANTAL;500;COMPRIME EFFERVESCENT
NEURLEP 50 MG;50;GELULE
NEURLEP 50 MG;50;GELULE
CEFAPEROS;125;POUDRE POUR SUSPENSION BUVABLE
FONGICAN;150;GELULE
TAHOR;10;COMPRIME PELLICULE
INHIBACE;2.5;COMPRIME PELLICULE
CYTEAL;0.5 / 0.1 / 0.3;SOLUTION MOUSSANTE POUR APPLICATION LOCALE
NAZAIR;50;SUSPENSION NASALE
METHOTREXATE MYLAN;5;SOLUTION INJECTABLE
FERO-GRAD VIT C 500;105 / 500;COMPRIME ENROBE
ZELITREX 500 MG;500;COMPRIME ENROBE GASTRO-RESISTANT
ACCUPRIL;5;COMPRIME ENROBE SECABLE
MADECASSOL;2;POUDRE POUR APPLICATION LOCALE
MADECASSOL;2;POUDRE POUR APPLICATION LOCALE
MILIPREL;4;COMPRIME
ONDANSETRON GT 8 MG/4ML;8;SOLUTION INJECTABLE
ANDRIOL PM;40;CAPSULE
COVERSYL;8;COMPRIME SECABLE
LAMICTAL;50;COMPRIME
NEOCORT;0.35 / 1;POMMADE OPHTALMIQUE
LILLYPEN PROFIL 30;100;SUSPENSION INJECTABLE INTERMEDIAIRE
LOFAT;200;GELULE
AXIMYCINE;500;POUDRE POUR SOLUTION INJECTABLE
RANITIL;300;COMPRIME PELLICULE
DIPROSONE NEO;50 / 350;POMMADE
NORLEVO;1.5;COMPRIME
PANADOL;250;SUPPOSITOIRE
KEPPRA 250 MG;250;COMPRIME PELLICULE
MEZOR 20 MG;20;GELULE GASTRO-RESISTANTE
ALGANTIL;250;SUPPOSITOIRE
BAITANET D;10;SOLUTION POUR APPLICATION LOCALE
CETAMYL;500;COMPRIME EFFERVESCENT
GYNO-PEVARYL LP;150;OVULE LP
BROCLAR;15;SIROP
BROCLAR;15;SIROP
BRONCHATHIOL ENFANT/NOURRISSON;2;SOLUTION BUVABLE
BCG CULTURE SSI;;POUDRE ET SOLVANT POUR SUSPENSION INJECTABLE
FLUOSEPT;0.5829 / 1.97;SOLUTION POUR BAIN DE BOUCHE
MICROPAKINE LP 1000 MG;1000;GRANULE LP
MICROPAKINE LP 1000 MG;1000;GRANULE LP
ARANESP 60 µG;60;SOLUTION INJECTABLE
ARANESP 60 µG;60;SOLUTION INJECTABLE
CLADIA;250;COMPRIME ENROBE
CALCIBRONAT;2;COMPRIME EFFERVESCENT
FORLAX;10;POUDRE POUR SOLUTION BUVABLE
KENACORT RETARD;80;SUSPENSION INJECTABLE
MYK;1;SOLUTION POUR APPLICATION LOCALE
CLIMENE;2 / 1;COMPRIME ENROBE
EFFICORT LIPOPHILE;0.127;CREME
ENTERAL;100;GRANULE POUR SUSPENSION BUVABLE
STARMOX;125;POUDRE POUR SUSPENSION BUVABLE
ARIMIDEX;1;COMPRIME PELLICULE SECABLE
CIPROFLOXACINE WIN 250 MG;250;COMPRIME PELLICULE
MIRENA 20µG/24H;52;DISPOSITIF INTRA-UTÉRIN
MIRENA 20µG/24H;52;DISPOSITIF INTRA-UTÉRIN
ROXAM;20;POUDRE POUR SUSPENSION BUVABLE
CHLORURE DE SODIUM LAPROPHAN;0.9;SOLUTION POUR PERFUSION
CALCINIB;5;COMPRIME
LAEVOLAC;50;SOLUTION BUVABLE
CUTIVATE;50;CREME
GLUCOSE 5% LAPROPHAN;5;SOLUTION POUR PERFUSION
ELVORINE;2.5;COMPRIME
GENTALLINE;160;SOLUTION INJECTABLE
GLIPHARM;5;COMPRIME SECABLE
GLIPHARM;5;COMPRIME SECABLE
ACIDE DEXTROSE D1 EM D1;;SOLUTE CONCENTRE
BICARBONATE SLF273;;SOLUTE CONCENTRE
BIODROXIL;250;POUDRE POUR SUSPENSION BUVABLE
TRIFAX IM;500;POUDRE POUR SOLUTION INJECTABLE
PENTASA;500;COMPRIME
FLIXOTIDE DISKUS;100;SUSPENSION POUR INHALATION
RIACEN;10;GELULE
GENTAMICINE LLORENTE;80;SOLUTION INJECTABLE
AMOXICILLINE/ACIDE CLAVULANIQUE MYLAN;1 / 100;POUDRE POUR SOLUTION INJECTABLE
AMOXICILLINE/ACIDE CLAVULANIQUE MYLAN;1 / 100;POUDRE POUR SOLUTION INJECTABLE
XEDILOL;6.25;COMPRIME SECABLE
METHOTREXATE BELLON (H);500;SOLUTION INJECTABLE
AIRTAL;100;COMPRIME ENROBE
CHEMOSET 2MG/ML;8;SOLUTION INJECTABLE
TIAZEM;60;COMPRIME
SIMVASTATINE GT;20;COMPRIME ENROBE
SIMVASTATINE GT;20;COMPRIME ENROBE
CLADIA;250;COMPRIME ENROBE
ACETATE SLF 437;;SOLUTE CONCENTRE
FER UCB;50;SOLUTION BUVABLE
DISPAMOX;500;POUDRE POUR SUSPENSION BUVABLE
DIPICOR;5;COMPRIME
FLUGIZOL;150;GELULE
NOFEBRIL;500;COMPRIME SECABLE
SKINOSONE NEOMYCINE;0.05 / 0.5;CREME
KETOFLEX;100;SUPPOSITOIRE
SEPTIL;4.4;POUDRE POUR APPLICATION LOCALE
PRAVATOR;40;COMPRIME SECABLE
LANZOR;15;GELULE GASTRO-RESISTANTE
MUCICLAR ENFANT NOURRISSON;2;SOLUTION BUVABLE
ORELOX;40;GRANULE POUR SUSPENSION BUVABLE
NOOTROPYL;20;SOLUTION BUVABLE
FLOXAM;500;GELULE
ULTIVA 2 MG;2;POUDRE POUR PREPARATION INJECTABLE
ULTIVA 2 MG;2;POUDRE POUR PREPARATION INJECTABLE
MODECATE;25;SOLUTION INJECTABLE
DOLIPRANE;100;SUPPOSITOIRE
LYRICA;75;GELULE
SERTRALINE GT 100 MG;100;COMPRIME PELLICULE
SERTRALINE GT 100 MG;100;COMPRIME PELLICULE
MAZAX 400 MG;400;POUDRE POUR SUSPENSION BUVABLE
PUREGON;100;POUDRE POUR SOLUTION INJECTABLE
GLYSET;1;COMPRIME
SICCAFLUID;2.5;GEL OPHTALMIQUE
SICCAFLUID;2.5;GEL OPHTALMIQUE
POTASSIUM CHLORURE;10;SOLUTION POUR PERFUSION
SILDENAFIL WIN 100 MG;100;COMPRIME PELLICULE
AZANTAC;150;COMPRIME PELLICULE
DELFAMOL;3.4 / 3.5;POMMADE
CANESTEN;1;SOLUTION POUR APPLICATION LOCALE
TENORETIC;50 / 12.5;COMPRIME PELLICULE SECABLE
ERLUS 5 MG;5;COMPRIME PELLICULE
AMLODIPINE GT;5;COMPRIME SECABLE
AMLODIPINE GT;5;COMPRIME SECABLE
VOLUVEN;6;SOLUTION POUR PERFUSION
NEALGYL;80;COMPRIME ORODISPERSIBLE
CURAM;1 / 125;POUDRE POUR SUSPENSION BUVABLE
CURAM;1 / 125;POUDRE POUR SUSPENSION BUVABLE
TAZOCILLINE;2 / 250;POUDRE POUR PERFUSION
FLUMYK;150;GELULE
LOVENOX;2000;SOLUTION INJECTABLE
RONIC;1;COLLYRE
STARPEN;0.4;GRANULE POUR SUSPENSION BUVABLE
RIFODERM;250 / 250;POMMADE
PNEUMOCCID;500;POUDRE POUR SUSPENSION BUVABLE
KERLONE;20;COMPRIME PELLICULE SECABLE
SOLUGEL;4;GEL
EFICAL;1;SOLUTION BUVABLE
MAALOX;0.4 / 0.4;COMPRIME A CROQUER
DICLOBERL;25;COMPRIME
CARDINOR;25;COMPRIME
CARDINOR;25;COMPRIME
ANTI-SPA 200 MG;200;COMPRIME PELLICULE
VALIUM;10;COMPRIME SECABLE
REBIF 44 µG;44;PREPARATION INJECTABLE
REBIF 44 µG;44;PREPARATION INJECTABLE
VIGOREX;50;COMPRIME PELLICULE
TANAKAN;40;SOLUTION BUVABLE
DIOVENOR;300;COMPRIME PELLICULE
OCTANATE 100 UI/ML;1000;POUDRE ET SOLVANT POUR SOLUTION INJECTABLE
JOSACINE;500;COMPRIME PELLICULE
SCANDICAINE 2 % NORADRENALINE;36;SOLUTION INJECTABLE POUR USAGE DENTAIRE
XERIUM 20 MG;20;COMPRIME SECABLE
CALCIUM SANDOZ;270;SIROP
TAMIK;3;CAPSULE MOLLE
MELOXICAM GT;15;COMPRIME SECABLE
MELOXICAM GT;15;COMPRIME SECABLE
PERFALGAN 10 MG/ML ADULTE;1;SOLUTION POUR PERFUSION
CITROSYL;0.1;SOLUTION POUR APPLICATION LOCALE
SOPROL;10;COMPRIME PELLICULE SECABLE
AMLODIPINE GT;10;COMPRIME SECABLE
AMLODIPINE GT;10;COMPRIME SECABLE
ALPRAZ;1;COMPRIME
METHOTREXATE MYLAN 100MG/ML;5;SOLUTION INJECTABLE
METHOTREXATE MYLAN 100MG/ML;5;SOLUTION INJECTABLE
DILATOR;100;SUSPENSION POUR INHALATION BUCCALE
IBUPHIL;5;GEL
FLONOX;500;COMPRIME PELLICULE
INDOLAN;100;SUPPOSITOIRE
MICARDIS;40;COMPRIME
MICARDIS;40;COMPRIME
GYNO CANESTEN;500;COMPRIME GYNECOLOGIQUE
PRAVATOR;40;COMPRIME SECABLE
THIOBACTIN;250;GRANULE POUR SUSPENSION BUVABLE
DOLIPRANE;150;POUDRE POUR SOLUTION BUVABLE
ZANTAC;75;COMPRIME PELLICULE
ARIXTRA 10 MG/0.8 ML;10;SOLUTION INJECTABLE
GEMCITABINE HOSPIRA 200 MG;200;POUDRE POUR SOLUTION POUR PERFUSION
NAVELBINE;50;SOLUTION INJECTABLE
BREXIN;20;POUDRE POUR SUSPENSION BUVABLE
METROZAL;500;COMPRIME
BLUCIN;15;POUDRE POUR SOLUTION INJECTABLE
HYDROSOL POLYVITAMINE;;SOLUTION BUVABLE
DULTAVAX;;SUSPENSION INJECTABLE
CLADIA;500;COMPRIME ENROBE
TRIATEC;2.5;COMPRIME SECABLE
BRONCHOKOD;5;SIROP
NEOTIGASON;25;GELULE
AZIX 1500 MG;200;POUDRE POUR SUSPENSION BUVABLE
TRICEF IM;500;POUDRE POUR SOLUTION INJECTABLE
VITA C 1000;1;COMPRIME EFFERVESCENT
VENTOLINE;2;SOLUTION BUVABLE
DI-INDO;100;SUPPOSITOIRE
PROCLOR;20;GELULE
PROCLOR;20;GELULE
DIPROSONE;0.05;POMMADE
TOMUDEX;2;POUDRE POUR PERFUSION
FLOXAM;250;POUDRE POUR SUSPENSION BUVABLE
NOVANTRONE;20;SOLUTION POUR PERFUSION
TETANEA;;SOLUTION INJECTABLE
FLOTRAL;10;COMPRIME LP
PROLIFEN;50;GELULE
PRAVATOR;20;COMPRIME SECABLE
TANZAAR 100;100;COMPRIME PELLICULE
COCCULINE;;COMPRIME ORODISPERSIBLE
BRICANYL;5;SOLUTION POUR INHALATION
SUFENTA;50;SOLUTION INJECTABLE
IDARAC;200;COMPRIME SECABLE
IDARAC;200;COMPRIME SECABLE
MEDROL;4;COMPRIME SECABLE
GLUCOSE 5% LAPROPHAN;5;SOLUTION POUR PERFUSION
ISOLONE;20;COMPRIME
ERCEFURYL;100;GELULE
ARAVA;10;COMPRIME PELLICULE
IRINOTECAN;40;SOLUTION A DILUER POUR PERFUSION
ASTAPH;250;POUDRE POUR SUSPENSION BUVABLE
NO-SPA;40;SOLUTION INJECTABLE
METHYLPREDNISOLONE MYLAN;1;POUDRE POUR SOLUTION INJECTABLE
SODIUM CHLORURE PROMOPHARM;0.9;SOLUTION POUR PERFUSION
NAVELBINE;10;SOLUTION INJECTABLE
LINCOCINE;600;SOLUTION INJECTABLE
ATARAX;100;SOLUTION INJECTABLE
SILDENAFIL WIN 100 MG;100;COMPRIME PELLICULE
TRICEF IV;1;POUDRE POUR SOLUTION INJECTABLE
OTRIVINE;0.05;SOLUTION POUR PULVERISATION NASALE
ZECLAR;500;COMPRIME PELLICULE
TRIAXON 500 MG I.V.;500;POUDRE POUR SOLUTION INJECTABLE
COLTRAMYL;4;COMPRIME
FLOXIMAT;200;COMPRIME ENROBE
FLUCAZOL;50;GELULE
AVLOCARDYL;40;COMPRIME SECABLE
THIOBACTIN;750;POUDRE POUR USAGE PARENTERAL
PAXEL;30;SOLUTION A DILUER POUR PERFUSION
RHINOFLUIMUCIL;1 / 0.5;SOLUTION POUR PULVERISATION NASALE
VALIUM;1;SOLUTION POUR GOUTTES BUVABLES
REVOCIR;5;CREME
THEOSTAT LP;300;COMPRIME SECABLE LP
AIRCORT;250;SUSPENSION POUR INHALATION
AZITHRIX;500;COMPRIME PELLICULE
CARBOPLATINE AGUETTANT 150 MG;150;SOLUTION POUR PERFUSION
INDOPHARM;50;SUPPOSITOIRE
OMEGEN;20;GELULE
FLOCIP;500;COMPRIME PELLICULE
GINKOR FORT;14 / 300 / 300;GELULE
GENTAMEN 80;80;SOLUTION INJECTABLE
PHENERGAN;0.1;SIROP
NUPENTIN;400;GELULE
ACTEMRA 400MG/20ML;400;SOLUTION A DILUER POUR PERFUSION
CLARTEC;10;COMPRIME
ALVOGYL;15.8;PATE DENTAIRE
CLAVULIN;1 / 125;POUDRE POUR SUSPENSION BUVABLE
EXFORGE 5 MG/80 MG;5 / 80;COMPRIME PELLICULE
EXFORGE 5 MG/80 MG;5 / 80;COMPRIME PELLICULE
GEPRID;4;COMPRIME
GEPRID;4;COMPRIME
SPECTRUM 250;250;COMPRIME PELLICULE
CINET;10;COMPRIME
AMLODIPINE WIN;10;COMPRIME SECABLE
GEPRID;2;COMPRIME
GEPRID;2;COMPRIME
SK-F 203;;SOLUTE CONCENTRE
TADENAN;50;CAPSULE MOLLE
MYANTALGIC;37.50 / 325;COMPRIME EFFERVESCENT
MYANTALGIC;37.50 / 325;COMPRIME EFFERVESCENT
SODIUM CHLORURE PROMOPHARM;10;SOLUTION POUR PERFUSION
ZANOCIN OD 400MG;400;COMPRIME PELLICULE
POTEX;2000;POUDRE POUR SOLUTION INJECTABLE
NETROMICINE;25;SOLUTION INJECTABLE
ARCOXIA;60;COMPRIME PELLICULE
TAREG;40;COMPRIME PELLICULE
ZOFRAN;4;SOLUTION INJECTABLE
XENID;75;SOLUTION INJECTABLE
PEGASYS;180;SOLUTION INJECTABLE
CEFTRIAXONE MYLAN;250;POUDRE POUR SOLUTION INJECTABLE
CINET;10;COMPRIME
HIBOR 3500 UI ANTI XA;3500;SOLUTION INJECTABLE
APAISYL;0.75;GEL
LOPRESSOR RETARD;200;COMPRIME SECABLE LP
VAXIGRIP;;SUSPENSION INJECTABLE
SYNNAX;25;COMPRIME
SYNNAX;25;COMPRIME
NAVELBINE;20;CAPSULE MOLLE
GALVUS 50 MG;50;COMPRIME
CRISTAL AD;2;SUPPOSITOIRE
VINCRISTINE;1;SOLUTION INJECTABLE
RHINATHIOL ADULTES EXPECTORANT;5;SIROP
ROCEPHIN IV;1;POUDRE POUR SOLUTION INJECTABLE
TONOCALCIN;100;SOLUTION INJECTABLE
LARGACTIL;25;SOLUTION INJECTABLE
ONIFINE 1%;1;SOLUTION POUR APPLICATION LOCALE
STARZOL;50;GELULE
SANDOSTATINE *;500;SOLUTION INJECTABLE
VIAGRA;50;COMPRIME ENROBE
AGRASTAT 250 MICROGRAMMES/ML;0.25;SOLUTION A DILUER POUR PERFUSION
AUGMENTIN;500 / 50;POUDRE POUR SOLUTION INJECTABLE
LOSARTAN /HCTZ GT;50 / 12.5;COMPRIME PELLICULE SECABLE
COLTRAX;4;SOLUTION INJECTABLE
ANGINIB;50;COMPRIME ENROBE
ANTI-HEMORROÏDAIRE SUPPOSITOIRES;5 / 10;SUPPOSITOIRE
TUNELUZ;20;GELULE
AMILO;5;COMPRIME
KETUM;2.5;GEL
GINKOR PROCTO;15 / 300;COMPRIME PELLICULE
NEXAVAR;200;COMPRIME PELLICULE
NEXAVAR;200;COMPRIME PELLICULE
ASTAPH;500;GELULE
ZOLOFT;50;GELULE
ZINNAT;125;SUSPENSION BUVABLE
BACTOX;250;POUDRE POUR SUSPENSION BUVABLE
GLURENOR;30;COMPRIME SECABLE
GENFLU;75;GELULE
GENFLU;75;GELULE
ZINSKIN;45;COMPRIME EFFERVESCENT
MEDIBRONC ADULTE;5;SOLUTION BUVABLE
LAEVOLAC;50;SOLUTION BUVABLE
DELAKET;30;COMPRIME
DELAKET;30;COMPRIME
ASPEGIC NOUR;100;POUDRE POUR SOLUTION BUVABLE
VICTRELIS 200 MG;200;GELULE
METAGLIZ;10;SOLUTION BUVABLE
NIFEGEN;20;GELULE
ORAGIN;0.75 / 125;COMPRIME
DAZEN;10000;COMPRIME ENROBE GASTRO-RESISTANT
AMLODIPINE WIN;5;COMPRIME
NICOPATCH;7;DISPOSITIF TRANSDERMIQUE
ANTISTAPH / PENISTAPH;125;POUDRE POUR SUSPENSION BUVABLE
TRIAXON;2;POUDRE POUR SOLUTION INJECTABLE
SUPRIMASE;150;GELULE
HUMIRA 40MG;40;SOLUTION INJECTABLE
HIBOR 2500 UI ANTI XA;2500;SOLUTION INJECTABLE
CHIBROXINE;0.3;COLLYRE
PAROXETINE WIN;20;COMPRIME PELLICULE SECABLE
BIOTIC PLUS;500 / 125;COMPRIME ENROBE
FEBREX ADULTE;0.025 / 0.5 / 0.2;GRANULE POUR SOLUTION BUVABLE
FLUPEN 125 MG/5 ML;125;POUDRE POUR SUSPENSION BUVABLE
ACLAV;1 / 125;POUDRE POUR SUSPENTION BUVABLE
RHESONATIV 625 UI/ML;;SOLUTION INJECTABLE I.M.
SPIRAZOLE;0.75 / 125;COMPRIME PELLICULE
MAXILASE;200;SOLUTION BUVABLE
ACETATE SLF153;;SOLUTE CONCENTRE
TRIXAZOL FORT;800 / 160;COMPRIME
RHUFENE RHUME;;COMPRIME ENROBE
RHUFENE RHUME;;COMPRIME ENROBE
GLIMEWIN;1;COMPRIME
GLIMEWIN;1;COMPRIME
REMOX;20;GELULE
DECAPEPTYL;0.1;POUDRE POUR SOLUTION INJECTABLE
TAZOCILLINE;4 / 500;POUDRE POUR PERFUSION
NORMACOL;6.1;GRANULE POUR SUSPENSION BUVABLE
STRATTERA 40 MG;40;GELULE
FRAXODI;11400;SOLUTION INJECTABLE
MENPOVAX A+C VACCIN MENINGOCOCCIQUE;;PREPARATION INJECTABLE
AZOLE;400;COMPRIME ENROBE
ZEPAM;6;COMPRIME QUADRISECABLE
STREPTOPHARMA;1;POUDRE POUR SOLUTION INJECTABLE
FONGICAN 50 MG;50;GELULE
ARACTINE;0.04;SIROP
DOPAMINE PIERRE FABRE;50;SOLUTION POUR PERFUSION
ANCINE PLUS 50MG/12.5MG;50 / 12.5;COMPRIME PELLICULE
AVANDAMET;2 / 1000;COMPRIME PELLICULE
AVANDAMET;2 / 1000;COMPRIME PELLICULE
COAPROVEL;300 / 25;COMPRIME PELLICULE
CERVARIX;20;SUSPENSION INJECTABLE
CERVARIX;20;SUSPENSION INJECTABLE
S-CITAP 20 MG;20;COMPRIME PELLICULE
CORVASAL;2;COMPRIME SECABLE
IXOR;20;COMPRIME EFFERVESCENT
ARCOXIA;90;COMPRIME PELLICULE
RADIOSELECTAN URINAIRE;30;SOLUTION INJECTABLE
EPREX 10000 UI/ML;3000;SOLUTION INJECTABLE
BULMOL;4;GELULE
PANOXYL;10;GEL
MADECASSOL;1;POMMADE
MORPHINE SOTHEMA 30MG/ML;30;SOLUTION INJECTABLE
ZYRDOL 125 MG/5ML;25;SUSPENSION BUVABLE
RISPERDALCONSTA LP 25MG/2ML;25;POUDRE POUR SUSPENSION INJECTABLE LP
NORDITROPINE NORDILET;5;POUDRE POUR SOLUTION INJECTABLE
STATICOL;20;COMPRIME ENROBE SECABLE
QLAIRA;;COMPRIME PELLICULE
TROPHIRES ENFANTS;3 / 50;SIROP
ALFACEFAL 500 MG;500;GELULE
BUTAZOLIDINE;100;COMPRIME ENROBE
ANDROCUR;50;COMPRIME
THERALENE PEC. BB;1.25;SIROP
OPTICILLINE;250;GELULE
DIPROSEPT;7.5;CREME
DIPROSONE NEO;50 / 350;CREME
TETRAMIL;0.05;COLLYRE
ZOLTAN;50;COMPRIME ENROBE SECABLE
CEBEMYXINE POMMADE;0.017 / 0.05;POMMADE OPHTALMIQUE
EM 107 ACIDE;;SOLUTE CONCENTRE
CALPOL;500;COMPRIME SECABLE
ROCEPHIN IM;500;POUDRE POUR SOLUTION INJECTABLE
CHEMOSET;4;COMPRIME PELLICULE
BARACLUDE;0.05;SOLUTION BUVABLE
NOCAND 150 MG;150;GELULE
BACQURE;500 / 500;POUDRE POUR PERFUSION
BAITANET G;10;SOLUTION GYNECOLOGIQUE
LIPOSIC 0.2 %;0.2;GEL OPHTALMIQUE
BIOGAZE GM;85.55 / 56.55;COMPRESSE IMPREGNEE
RAMIPRIL/HCTZ GT;5 / 25;COMPRIME
COMBANTRIN;125;SUSPENSION BUVABLE
NEBILET;5;COMPRIME SECABLE
FULCINE;125;SUSPENSION BUVABLE
YRANICID ARSENICAL PATE;1;PATE DENTAIRE
GENTAGAM 160;160;SOLUTION INJECTABLE
MOTI LYO;10;LYOPHILISAT ORAL
MOTI LYO;10;LYOPHILISAT ORAL
OFLUREX;200;COMPRIME PELLICULE
DINEX;100;COMPRIME A CROQUER OU DISPERSIBLE
BACTALL;250;COMPRIME ENROBE
METHOTREXATE BELLON;25;SOLUTION INJECTABLE
OMEGEN;10;GELULE GASTRO-RESISTANTE
LOMET;15;GELULE
AZANTAC;300;COMPRIME PELLICULE
VENOFER 100 MG/5ML;100 / 5;SOLUTION POUR PERFUSION
DIFAL;25;SUPPOSITOIRE
LEVAMOX;100 / 12.5;POUDRE POUR SUSPENSION BUVABLE
KAYEXALATE;454;POUDRE POUR SUSPENSION ORALE ET RECTALE
BACTOX;500;GELULE
OPTICILLINE;500;GELULE
CUTISAN;1.2;POUDRE POUR APPLICATION LOCALE
STRESAM;50;GELULE
MAXICLAV;1 / 200;POUDRE POUR PREPARATION INJECTABLE
SODIUM CHLORURE PROMOPHARM;0.9;SOLUTION POUR PERFUSION
FONGICAN 150 MG;150;GELULE
LAEVOLAC;50;SOLUTION BUVABLE
AMOVAS;5;COMPRIME
ACIDE SLF310;;SOLUTE CONCENTRE
COLPRONE;5;COMPRIME
DI-INDO;25;GELULE
ARANESP 100 µG;100;SOLUTION INJECTABLE
ARANESP 100 µG;100;SOLUTION INJECTABLE
RETROVIR;100;GELULE
TRETACNE;5;CAPSULE MOLLE
INSULET NPH;100;SUSPENSION INJECTABLE INTERMEDIAIRE
STARZOL;50;GELULE
FLOXAM;1;PREPARATION INJECTABLE
NOVOCLIN;500 / 125;COMPRIME ENROBE
ERACID;500;COMPRIME PELLICULE
ALGANTIL;5;GEL
AVIRO-Z;300;COMPRIME PELLICULE
AVIRO-Z;300;COMPRIME PELLICULE
VIGOREX;50;COMPRIME PELLICULE
CEROXIM;250;COMPRIME
PRAZOL;20;GELULE
ANTINAL;200;GELULE
CIPROFLOXACINE WIN 500 MG;500;COMPRIME PELLICULE
CIPROFLOXACINE WIN 500 MG;500;COMPRIME PELLICULE
ZOLTAN;50;COMPRIME ENROBE SECABLE
SECTRAL;400;COMPRIME PELLICULE
TIENAM;500 / 500;POUDRE POUR PERFUSION
NEOMOX;250;COMPRIME DISPERSIBLE
AGLIM 4 MG;4;COMPRIME
BISMULOXANE;800;GRANULE POUR SUSPENSION BUVABLE
METHYLPREDNISOLONE MYLAN;120;POUDRE POUR SOLUTION INJECTABLE
XENID;25;COMPRIME ENROBE GASTRO-RESISTANT
ALLERGINE;10;COMPRIME SECABLE
MIRCERA 100µG/0.3 ML;100;SOLUTION INJECTABLE
ODIA;3;COMPRIME
FIBROCARD LP;180;GELULE LP
RECOFOL;10;EMULSION INJECTABLE
GLUCOR;50;COMPRIME
AMODEX;500;POUDRE POUR SUSPENSION BUVABLE
PENICILLINE G SODIQUE PHARMA;1;POUDRE POUR PREPARATION INJECTABLE
ACNO 20 MG;20;CAPSULE MOLLE
TANZAAR 50;50;COMPRIME PELLICULE
ALFATIL;125;POUDRE POUR SUSPENSION BUVABLE
ALFATIL;125;POUDRE POUR SUSPENSION BUVABLE
PROFENID;2.5;GEL
CUTACNYL;5;GEL
ZINNAT;250;COMPRIME PELLICULE
RAMIPRIL WIN;10;COMPRIME
TIMOLOL-POS;0.25;COLLYRE
REMOX;20;COMPRIME DISPERSIBLE
BROMAX;15;SIROP
SILDENAFIL WIN 50 MG;50;COMPRIME PELLICULE
AERIUS;5;COMPRIME ENROBE
GEPRID;3;COMPRIME
GEPRID;3;COMPRIME
FLONOX;500;COMPRIME PELLICULE
FLONOX;500;COMPRIME PELLICULE
PYRALVEX;5 / 1;GEL BUCCAL ET GINGIVAL
CLEREGIL AD;2;SOLUTION BUVABLE
ASAFARM;500;COMPRIME
CETOLERG;10;COMPRIME PELLICULE
PANSORAL;1.3 / 1.5;GEL BUCCAL
MONOZECLAR 500 MG;500;COMPRIME PELLICULE LP
MONOZECLAR 500 MG;500;COMPRIME PELLICULE LP
TUSSIPHAN;32 / 680;SIROP
OCTANATE 50 UI/ML;500;POUDRE ET SOLVANT POUR SOLUTION INJECTABLE
HIPERDINE;20;COMPRIME
SINGULAIR;4;COMPRIME A CROQUER
ACLAV;100 / 12.5;POUDRE POUR SUSPENSION BUVABLE
TENSIOTEC;10;GELULE
ARICEPT;10;COMPRIME
VASCOR LM;35;COMPRIME ENROBE LM
VASCOR LM;35;COMPRIME ENROBE LM
ALGANTIL;200;COMPRIME EFFERVESCENT
PRIMPERAN;0.26;SOLUTION POUR GOUTTES BUVABLES
PRIMPERAN;0.26;SOLUTION POUR GOUTTES BUVABLES
GASTROGRAFINE 370 MG D'IODE/ML;10 / 66;SOLUTION BUVABLE OU RECTALE
GEPRID;1;COMPRIME
GEPRID;1;COMPRIME
MACROMAX;100;POUDRE POUR SUSPENSION BUVABLE
RAMIPRIL WIN;10;COMPRIME
CANAFLUCAN;150;GELULE
CANAFLUCAN;150;GELULE
LIFONGID 250MG;250;COMPRIME
LIFONGID 250MG;250;COMPRIME
IMATINIB COOPER;100;GELULE
IMATINIB COOPER;100;GELULE
ICAZ LP;5;GELULE LP
TERBINAFINE GT;250;COMPRIME SECABLE
TERBINAFINE GT;250;COMPRIME SECABLE
INALER;2;SOLUTION BUVABLE
TERPONE;200;SIROP
LAMISIL;250;COMPRIME SECABLE
ACLAV;1 / 125;POUDRE POUR SUSPENTION BUVABLE
CLARITYNE;10;COMPRIME SECABLE
PHARMAFLAM RETARD;100;COMPRIME LP
APETINE;4;COMPRIME
ROVAMYCINE;1.5;COMPRIME PELLICULE
RELPAX;20;COMPRIME ENROBE
DOLIPRANE;100;POUDRE POUR SOLUTION BUVABLE
FURILAN;40;COMPRIME
ERYSOL;2;GEL
ALFAMOX;500;POUDRE POUR SUSPENSION BUVABLE
ALFAMOX;500;POUDRE POUR SUSPENSION BUVABLE
CIPRO LP 1 G;506.0;COMPRIME PELLICULE LP
VALPAKINE 200 MG/ML;200;SIROP
DIPICOR;10;COMPRIME
XENETIX 300;65.81;SOLUTION INJECTABLE
MERCRYL;1.5 / 0.6;SOLUTION MOUSSANTE POUR APPLICATION LOCALE
LYRICA;25;GELULE
CORALAN;7.5;COMPRIME PELLICULE
HUMEX MAL DE GORGE MIEL CITRON 20 MG;20;PASTILLE A SUCER
PENICILLINE G 1 MEG;1;POUDRE POUR SOLUTION INJECTABLE
PARLODEL;2.5;COMPRIME SECABLE
ZITHROMAX;400;POUDRE POUR SUSPENSION BUVABLE
PRAXILENE 200;200;COMPRIME PELLICULE
MACROMAX;100;POUDRE POUR SUSPENSION BUVABLE
ROZEX;0.75;GEL
EQUORAL;100;SOLUTION BUVABLE
NURABOL;2;SIROP
ACTAPULGITE;3;POUDRE POUR SUSPENSION BUVABLE
SEROPLEX;10;COMPRIME PELLICULE SECABLE
SEROPLEX;10;COMPRIME PELLICULE SECABLE
CLAMOXYL;250;POUDRE POUR SUSPENSION BUVABLE
DYNASTAT;40;POUDRE POUR SOLUTION INJECTABLE
EPREX 4000 UI/ML;2000;SOLUTION INJECTABLE
GLYCAN 850 RETARD;850;COMPRIME ENROBE LP
LORACTYNE;0.1;SIROP
XENID;25;SUPPOSITOIRE
NEOMOX;125;POUDRE POUR SUSPENSION BUVABLE
CETAMYL;500;COMPRIME
POSICYCLINE;1;COLLYRE
LOVENOX;2000;SOLUTION INJECTABLE
SINGULAIR;10;COMPRIME PELLICULE
PHENERGAN;25;COMPRIME ENROBE
GIROFLOX;500;COMPRIME PELLICULE
RAMIPRIL WIN;10;COMPRIME
RAMIPRIL WIN;10;COMPRIME
ARGININE VEYRON;75;SIROP
LESCOL LP;80;COMPRIME ENROBE LP
SANDIMMUN;100;CAPSULE MOLLE
TOPIRAMATE GT 25 MG;25;COMPRIME PELLICULE
CEFTRIAXONE MYLAN;2;POUDRE POUR SOLUTION INJECTABLE
OMIZ 20 MG;20;GELULE
DUXIL;1.875 / 0.625;SUSPENSION BUVABLE
GENTAMEN 120;120;SOLUTION INJECTABLE
NOCAND 150 MG;150;GELULE
CEFTAJECT I.V 1G/3.5ML;1;POUDRE POUR SOLUTION INJECTABLE
CEFTAJECT I.V 1G/3.5ML;1;POUDRE POUR SOLUTION INJECTABLE
GABAMOX;400;GELULE
CEZIN;10;COMPRIME
BI-PROFENID;150;COMPRIME SECABLE
ADO;850;COMPRIME PELLICULE
TROBICINE;2;POUDRE POUR SOLUTION INJECTABLE
CETAMYL;80;SUPPOSITOIRE
URADOX 2MG;2;COMPRIME
URADOX 2MG;2;COMPRIME
ROXID;200;GELULE
ZYRDOL 500 MG/100ML;500;SOLUTION POUR PERFUSION
VOLTARENE SR;75;COMPRIME LP
CLENIDERM;0.025;CREME
HIBOR 7500 UI ANTI XA;7500;SOLUTION INJECTABLE
EBETAXEL;100;SOLUTION A DILUER POUR PERFUSION
VIVAMYNE MULTI;;COMPRIME ENROBE
BRONCHOCIST ADULTES;2;SOLUTION BUVABLE
NEOCIP;500;COMPRIME PELLICULE
POTASSIUM CHLORURE;20;SOLUTION POUR PERFUSION
STIMOL 1 G;1;POUDRE EFFERVESCENTE POUR SOLUTION BUVABLE
HUMALOG;100;SOLUTION INJECTABLE
BEROCCA;;COMPRIME EFFERVESCENT
UMULINE NPH;100;SUSPENSION INJECTABLE INTERMEDIAIRE
GARDASIL;;SUSPENSION INJECTABLE
ALGIXENE;250;GELULE
HUMEX (FOURNIER) TAMPON;42.11 / 42.11;TAMPON POUR INHALATION
MYFORTIC 180 MG;180;COMPRIME PELLICULE GASTRO-RESISTANT
ACTICARBINE;70 / 14;COMPRIME ENROBE
CETIRAL;1;SOLUTION BUVABLE
CETIRAL;1;SOLUTION BUVABLE
DOPEZIL RANBAXY;10;COMPRIME PELLICULE
NORMACIDE;150;COMPRIME
NORMACIDE;150;COMPRIME
AXIMYCINE;1;POUDRE POUR SOLUTION INJECTABLE
LETROZOLE GT;2.5;COMPRIME SECABLE
LETROZOLE GT;2.5;COMPRIME SECABLE
CEZIN;10;COMPRIME
AMIKLIN;250;POUDRE POUR SOLUTION INJECTABLE
GENTAMEN 120;120;SOLUTION INJECTABLE
CIBACALCINE;0.25;POUDRE POUR SOLUTION INJECTABLE
CLAVAM;1 / 125;POUDRE POUR SUSPENSION BUVABLE
NEOCLAV;1 / 125;POUDRE POUR SUSPENSION BUVABLE
GRISEO;125;COMPRIME
OCET 200MG;200;COMPRIME ENROBE
ORACEFAL;500;GELULE
TROPHIRES COMPOSE ENFANTS;75 / 300;SUPPOSITOIRE
ESMERON;50;SOLUTION INJECTABLE
CLAVULIN;500 / 125;COMPRIME PELLICULE
FIXICAL D3;500 / 400;COMPRIME A CROQUER
PARAPLATINE;150;SOLUTION POUR PERFUSION
NO-DEP;50;COMPRIME SECABLE
LUDIOMIL;75;DRAGEE
FOSTIMON 150 UI/ML;150;POUDRE ET SOLVANT POUR SOLUTION INJECTABLE
BACTOX;1;POUDRE POUR SOLUTION INJECTABLE
ARTOTEC;75 / 0.2;COMPRIME GASTRO-RESISTANT
DEXAMETHASONE MYLAN;4;SOLUTION INJECTABLE
LEDERTREXATE;1;POUDRE POUR SOLUTION INJECTABLE
SODRIX 2.5MG;2.5;COMPRIME PELLICULE
SODRIX 2.5MG;2.5;COMPRIME PELLICULE
TRIATEC PROTECT;10;COMPRIME SECABLE
OPTICILLINE;500;POUDRE POUR SUSPENSION BUVABLE
CATARSTAT;2 / 38;COLLYRE
LANSOYL GEL;78;GEL ORAL
NORMACIDE;300;COMPRIME
NORMACIDE;300;COMPRIME
ZINNAT;250;COMPRIME PELLICULE
LIDOCAINE 2% LAPROPHAN ADRENALINE;0.125 / 2;SOLUTION INJECTABLE
MONO-TILDIEM LP;200;GELULE LP
MONO-TILDIEM LP;200;GELULE LP
SEBIVO 600 MG;600;COMPRIME PELLICULE
SEBIVO 600 MG;600;COMPRIME PELLICULE
BACICOLINE;25000000 / 1;POUDRE ET SOLVANT POUR COLLYRE
STREPTOCID;250;POUDRE POUR SUSPENSION BUVABLE
STREPTOCID;250;POUDRE POUR SUSPENSION BUVABLE
LANZOR;30;GELULE GASTRO-RESISTANTE
XATRAL LP;5;COMPRIME ENROBE LP
ANGLOR;10;COMPRIME
ZADITEN;1;SOLUTION BUVABLE
LACTEOL FORT;10000;POUDRE POUR SUSPENSION BUVABLE
SINTROM;4;COMPRIME QUADRISECABLE
ULTRAVIST;300;SOLUTION INJECTABLE
TMS 500 MG;500;COMPRIME PELLICULE
REVLIMID 10 MG;10;GELULE
DOSTINEX;0.5;COMPRIME
ONIFINE;250;COMPRIME
ONIFINE;250;COMPRIME
TRIVASTAL;20;COMPRIME ENROBE
NEO-CODION ADULTES;0.1722;SIROP
AMEP 10;10;COMPRIME
GLIDIABET;5;COMPRIME SECABLE
ACUPAN;20;SOLUTION INJECTABLE
NOVORAPID PENFILL;100;SOLUTION INJECTABLE
ESTRAPATCH 80 µG/24 HEURES;2.50;DISPOSITIF TRANSDERMIQUE
CRESTOR;10;COMPRIME PELLICULE
CRESTOR;10;COMPRIME PELLICULE
VISKEN;5;COMPRIME
AZILIDE 200 MG/ 5 ML;200;POUDRE POUR SUSPENSION BUVABLE
HOLOXAN;2;POUDRE POUR PERFUSION
CARDIOASPIRINE;100;COMPRIME GASTRO-RESISTANT
CEZIN;10;COMPRIME
CEZIN;10;COMPRIME
RANITIL;150;COMPRIME EFFERVESCENT
INIKAL 10 MG;10;COMPRIME
HEXABRIX;160;SOLUTION INJECTABLE
LYRICA;200;GELULE
FACTIVE 320 MG;426.40;COMPRIME PELLICULE
PENAMOX;500;COMPRIME DISPERSIBLE
BUCOPEN;1;COMPRIME PELLICULE
BUCOPEN;1;COMPRIME PELLICULE
DUXIL;30 / 10;COMPRIME ENROBE
HYTACAND;16 / 12.5;COMPRIME
VACCIN BCG SSI;;POUDRE POUR SUSPENSION INJECTABLE
TRITANRIX HB;;PREPARATION INJECTABLE
STREPTOCID;500;POUDRE POUR SUSPENSION BUVABLE
TRIMEDAT;150;GELULE
GALVUS MET 50MG/1000MG;50 / 1000;COMPRIME PELLICULE
URO 3000 CHLORURE DE SODIUM AGUETTANT;0.9;SOLUTION POUR IRRIGATION
EAU P.P.I.;10;SOLVANT POUR PEPARATION INJECTABLE
HUMEX NASAL;0.04;SOLUTION POUR PULVERISATION NASALE
METHYLPREDNISOLONE MYLAN;40;POUDRE POUR SOLUTION INJECTABLE
AMOXIL;125;POUDRE POUR SUSPENSION BUVABLE
MYNAZOL;150;GELULE
ANTARENE;200;COMPRIME PELLICULE
DIASTER;0.4;COMPRIME SECABLE
DETENSIEL;10;COMPRIME PELLICULE SECABLE
DIANE 35;2 / 35;COMPRIME ENROBE
STIMOL 1 G;1;POUDRE EFFERVESCENTE POUR SOLUTION BUVABLE
ODIA;1;COMPRIME
DOLIPRANE;200;POUDRE POUR SOLUTION BUVABLE
STALEVO 50/12.5/200 MG;200 / 50 / 13.50;COMPRIME PELLICULE
STALEVO 50/12.5/200 MG;200 / 50 / 13.50;COMPRIME PELLICULE
HIBOR 2500 UI ANTI XA;2500;SOLUTION INJECTABLE
NAPROXENE PHARMA;275;POUDRE POUR SOLUTION INJECTABLE
ZAREX;150;POUDRE POUR SOLUTION INJECTABLE
TRIAXON 1G I.M.;1;POUDRE POUR SOLUTION INJECTABLE
MEGAFLOX IV;400;SOLUTION POUR PERFUSION
RETISOL-A;0.025;CREME
PHARMATEX;54;CREME VAGINALE
FACTIVE 320 MG;426.40;COMPRIME PELLICULE
THIOBACTIN;250;COMPRIME
GENOTROPIN;16;POUDRE POUR SOLUTION INJECTABLE
OXIFLOR;200;COMPRIME PELLICULE
SILDENAFIL WIN 50 MG;50;COMPRIME PELLICULE
PROGOR;180;GELULE LP
AGYRAX;25;COMPRIME
MEGAFLOX IST;500;COMPRIME PELLICULE
FURAZIDE;50;COMPRIME
AUGMENTIN;100 / 12.5;POUDRE POUR SUSPENSION BUVABLE
LIPANTHYL;100;GELULE
SERETIDE;250 / 50;POUDRE POUR INHALATION
AMOXICILLINE/ACIDE CLAVULANIQUE MYLAN;500 / 50;POUDRE POUR SOLUTION INJECTABLE
ATHYMIL;30;COMPRIME ENROBE
FUNGIZONE;3;LOTION
ZENTEL;400;COMPRIME
AXIMYCINE;500;COMPRIME DISPERSIBLE
LODOZ;10 / 6.25;COMPRIME PELLICULE
ALPERIDE 200 MG;200;COMPRIME SECABLE
DITROPAN;5;COMPRIME SECABLE
DITROPAN;5;COMPRIME SECABLE
BRUFEN;500;SUPPOSITOIRE
ENDOXAN 50 MG;50;COMPRIME ENROBE
VOGALENE;10;SOLUTION INJECTABLE
EMADINE;0.05;COLLYRE
LACINE;50;COMPRIME ENROBE SECABLE
METHOTREXATE BIODIM;5;SOLUTION INJECTABLE
RAPIFEN (H);1;SOLUTION INJECTABLE
AUGMENTIN;1 / 200;POUDRE POUR SOLUTION INJECTABLE
STARPEN;1;COMPRIME PELLICULE
AVOSTAV;30;GELULE
AVOSTAV;30;GELULE
CUTIVATE;50;CREME
FLOXIL;500;GELULE
HEXAPNEUMINE AD;;SUPPOSITOIRE
NEOTIGASON;10;GELULE
FLUORO URACILE ICN;250;SOLUTION POUR PERFUSION
TIAFLAM 200MG;200;COMPRIME
MONEVA;0.075 / 0.03;COMPRIME ENROBE
HEXAPNEUMINE NR;;SIROP
DELTAZINE ADRENALINE;72;SOLUTION INJECTABLE
NOVONORM;2;COMPRIME
COLPOSEPTINE;200 / 10;COMPRIME GYNECOLOGIQUE
OFLOCET;200;SOLUTION POUR PERFUSION
OFLOCET;200;SOLUTION POUR PERFUSION
TRISIUM;4 / 800 / 4;SUSPENSION BUVABLE
CLAVAM;250 / 62.5;POUDRE POUR SUSPENSION BUVABLE
CLAVAM;250 / 62.5;POUDRE POUR SUSPENSION BUVABLE
ADRENALINE 1 MG;1;SOLUTION INJECTABLE
TRIOMUNE 30;30 / 150;COMPRIME
SAFLU;250 / 25;SUSPENSION POUR INHALATION
ALFAMOX;1;COMPRIME
ISONE;1;COMPRIME
DOLMAX F.T. 500;500;COMPRIME ORODISPERSIBLE
DIGOXINE NATIVELLE;0.25;COMPRIME SECABLE
ISOPRINOSINE;500;COMPRIME SECABLE
APHILAN;25;COMPRIME SECABLE
CELESTENE;4;SOLUTION INJECTABLE
CALCIDIA;1540;GRANULE POUR SUSPENSION BUVABLE
NOVOCLIN 1G/125MG;1 / 125;POUDRE POUR SUSPENSION BUVABLE
PHAEVA;0.05 / 0.03;COMPRIME ENROBE
CODETUX ENF;90;SIROP
EPIRUBICINE MYLAN 2 MG/ML;10 / 5;SOLUTION POUR PERFUSION
FLOXAPEN;125;POUDRE POUR SUSPENSION BUVABLE
MIDAZOLAM MYLAN;5;SOLUTION INJECTABLE
CATEX;500;COMPRIME PELLICULE
RINIAZIDE;300 / 150;GELULE
CARDURA;2;COMPRIME
TAHOR;80;COMPRIME PELLICULE
TAHOR;80;COMPRIME PELLICULE
BIOMOX;250;POUDRE POUR SUSPENSION BUVABLE
CRESTOR;20;COMPRIME PELLICULE
CRESTOR;20;COMPRIME PELLICULE
VALDOXAN 25 MG;25;COMPRIME PELLICULE
AVANDAMET;4 / 1000;COMPRIME PELLICULE
AVANDAMET;4 / 1000;COMPRIME PELLICULE
ZEFFIX;100;COMPRIME PELLICULE
FLEXEN;2.5;GEL
ARNIGEL;;GEL
CHIBRO-PROSCAR;5;COMPRIME PELLICULE
DUROGESIC;75;DISPOSITIF TRANSDERMIQUE
BETADINE SCRUB;4;SOLUTION MOUSSANTE POUR APPLICATION LOCALE
SPREGAL;0.63 / 5.04;SOLUTION POUR APPLICATION LOCALE
PARASPHAN;135 / 265;COMPRIME EFFERVESCENT
CORONAT;25;COMPRIME
CORONAT;25;COMPRIME
DIPREZAR;50 / 12.5;COMPRIME PELLICULE
TOTAPEN;1;POUDRE POUR SOLUTION INJECTABLE
BRICANYL LP;5;COMPRIME LP
VISCERALGINE;5;SOLUTION INJECTABLE
DOCETAXEL COOPER 20 MG;20;SOLUTION A DILUER POUR PERFUSION
LEXUS;20;SOLUTION A DILUER POUR PERFUSION
ZELDOX;60;GELULE
VANCOCINE;500;LYOPHILISAT POUR PERFUSION
PULMOFLUIDE ENF;41 / 19.7;SIROP
ISONE;50;COMPRIME
DIVARIUS 20 MG;20;COMPRIME PELLICULE SECABLE
DIVARIUS 20 MG;20;COMPRIME PELLICULE SECABLE
FUNGILYSE;1;CREME
GENTAGAM 120;120;SOLUTION INJECTABLE
TANAKAN;40;COMPRIME ENROBE
RECORMON;1000;PREPARATION INJECTABLE
ANZEMET;100;SOLUTION INJECTABLE
ZAREX;450;POUDRE POUR SOLUTION INJECTABLE
ARACYTINE;1;POUDRE POUR SOLUTION INJECTABLE
ARACYTINE;1;POUDRE POUR SOLUTION INJECTABLE
BEVIRAN;200;COMPRIME ENROBE
INDUCTAN;100;COMPRIME ENROBE
RENNIE;680 / 80;COMPRIME
GENTAGAM 80;80;SOLUTION INJECTABLE
MABTHERA;500;SOLUTION A DILUER POUR PERFUSION
ZADRYL;10;COMPRIME ENROBE SECABLE
MUCINUM A L EXTRAIT CASCARA;30 / 40;COMPRIME ENROBE
HUMIRA 40MG;40;SOLUTION INJECTABLE
MIVACRON;10;SOLUTION INJECTABLE
ANASTROZOLE COOPER;1;COMPRIME PELLICULE
CARDENSIEL;2.5;COMPRIME PELLICULE SECABLE
EXJADE;500;COMPRIME DISPERSIBLE
EXJADE;500;COMPRIME DISPERSIBLE
BICNU;100;POUDRE POUR SOLUTION INJECTABLE
EQUORAL;25;CAPSULE MOLLE
PULMICORT TURBUHALER;200;POUDRE POUR INHALATION
LONGAMYCINE;100;GELULE
TIASUREX LP 1.5 MG;1.5;COMPRIME LP
EOSINE PHARMA;2;SOLUTION POUR APPLICATION LOCALE
LASILIX;40;COMPRIME SECABLE
BIOSULIN R;100;SOLUTION INJECTABLE
PROGESTERONE RETARD PHARLON;250;SOLUTION INJECTABLE LP
AVOLAM;150;COMPRIME PELLICULE
OLICLINOMEL N4-550E;;SOLUTION ET EMULSION POUR PERFUSION
OLICLINOMEL N4-550E;;SOLUTION ET EMULSION POUR PERFUSION
ZIDIME 2G;2;POUDRE POUR PREPARATION INJECTABLE
PACLITAXEL MYLAN PHARMA 30 MG/5ML;30;SOLUTION A DILUER POUR PERFUSION
METFORMINE WIN 500 MG;500;COMPRIME PELLICULE
METFORMINE WIN 500 MG;500;COMPRIME PELLICULE
VALSARTAN WIN 160 MG;160;COMPRIME PELLICULE SECABLE
ASPEGIC;500;SOLUTION INJECTABLE
BIOMOX;500;GELULE
PARANTAL;500;GRANULE POUR SUSPENSION BUVABLE
VOTRIENT 400 MG;400;COMPRIME PELLICULE
LANTUS SOLOSTAR;100;SOLUTION INJECTABLE LP
LANTUS SOLOSTAR;100;SOLUTION INJECTABLE LP
EPHEDRYL;300 / 2.5;COMPRIME SECABLE
MONOZECLAR 500 MG;500;COMPRIME PELLICULE LP
MONOZECLAR 500 MG;500;COMPRIME PELLICULE LP
RINGER LACTATE SOTHEMA;0.6 / 0.04;SOLUTION POUR PERFUSION
CEFALOTINE PHARMA 1 G (IM - IV);1;SOLUTION INJECTABLE
CEFALOTINE PHARMA 1 G (IM - IV);1;SOLUTION INJECTABLE
TANZAAR 50;50;COMPRIME PELLICULE
DOLIPRANE;500;COMPRIME EFFERVESCENT
ANASTROZOLE COOPER;1;COMPRIME PELLICULE
NOZINAN;4;SOLUTION POUR GOUTTES BUVABLES
CARBOSYLANE;140 / 45;GELULE
POTEX;3000;POUDRE POUR SOLUTION INJECTABLE
ASTAPH;500;GELULE
BUTAMYL;100;SUSPENSION POUR INHALATION BUCCALE
PAVULON;4;SOLUTION INJECTABLE
TONOCALCIN;50;SOLUTION INJECTABLE
ERVEVAX;;PREPARATION INJECTABLE
GLYCAN 500;500;COMPRIME PELLICULE
AMAREL;2;COMPRIME
AVOLAM;150;COMPRIME PELLICULE
DIPRIVAN;200;EMULSION INJECTABLE
DOLGIT;5;CREME
METHERGIN;0.25;SOLUTION POUR GOUTTES BUVABLES
AVIRODIN;400;GELULE
AVIRODIN;400;GELULE
CYMEVENE;500;LYOPHILISAT POUR PERFUSION
AMAREL;4;COMPRIME
CINET;10;COMPRIME
CORONAT;6.25;COMPRIME
CORONAT;6.25;COMPRIME
BETADINE;10;SOLUTION POUR APPLICATION LOCALE
TOPSYNE GRAS;0.05;POMMADE
DAFLON;500;COMPRIME ENROBE
STALEVO 150/37.5/200 MG;200 / 150 / 40.50;COMPRIME PELLICULE
STALEVO 150/37.5/200 MG;200 / 150 / 40.50;COMPRIME PELLICULE
ULTRAVIST;300;SOLUTION INJECTABLE
OXYGENOR;20;COMPRIME PELLICULE
TRIFENE;2;SUSPENSION BUVABLE
CARDURA;4;COMPRIME
CLOFENE;50;COMPRIME ENROBE GASTRO-RESISTANT
ADO;850;COMPRIME PELLICULE
SECTRAL;200;COMPRIME PELLICULE
SOCLAV NOURISSON;100 / 12.5;POUDRE POUR SUSPENSION BUVABLE
ZOVIRAX;5;CREME
TRIADOL;50;GELULE
IRINOCYT 100 MG/5ML;100;SOLUTION A DILUER POUR PERFUSION
PLAVIX;75;COMPRIME PELLICULE
PLAVIX;75;COMPRIME PELLICULE
REJUVA-A;0.025;CREME
AMIKACINE MYLAN;500;POUDRE POUR SOLUTION INJECTABLE
LEVITRA;5;COMPRIME PELLICULE
AVANDIA;4;COMPRIME PELLICULE
AVD VIT B1 C DEROL;330 / 200;COMPRIME EFFERVESCENT
TAMIFLU;75;GELULE
TAMIFLU;75;GELULE
TAGAMET;200;COMPRIME EFFERVESCENT
TAGAMET;200;COMPRIME EFFERVESCENT
TUBERCULINE 2 UT / 0,1ML;0.4;PREPARATION INJECTABLE INTRADERMIQUE
GENTAGAM 80;80;SOLUTION INJECTABLE
NIFLURIL;250;GELULE
NIDAZOL;500;OVULE
CURACNE;20;CAPSULE MOLLE
PENAMOX;250;POUDRE POUR SUSPENSION BUVABLE
GLYAZID;80;COMPRIME SECABLE
FLEXEN;2.5;GEL
BOLINAN;2;COMPRIME SECABLE
THIAM;250;COMPRIME
THIAM;250;COMPRIME
TIEMOZYL;300 / 50;SUPPOSITOIRE
PARANTAL;500;COMPRIME
CICATRYL;120 / 7;POMMADE
SOLUGEL;8;GEL
MOVICOL;13.125;POUDRE POUR SOLUTION BUVABLE
OMEGEN;20;GELULE
AMBROLYS 30MG/5ML;30;SOLUTION BUVABLE
AMBROLYS 30MG/5ML;30;SOLUTION BUVABLE
OESTROGEL;0.06;GEL
FLUZOFT;20;GELULE
RULID;300;COMPRIME PELLICULE
POTASSIUM;15;SIROP
XARELTO;10;COMPRIME PELLICULE
XARELTO;10;COMPRIME PELLICULE
TRESORIX;1.5;SIROP
EFITAC;150;COMPRIME EFFERVESCENT
EFITAC;150;COMPRIME EFFERVESCENT
ISOLONE;5;COMPRIME EFFERVESCENT
MUCICLAR ADULTE;5;SIROP
FRAXIPARINE;5700;SOLUTION INJECTABLE
RAZON 40 MG;40;COMPRIME ENROBE GASTRO-RESISTANT
CLAVULIN;500 / 125;COMPRIME PELLICULE
FLOXAPEN;250;POUDRE POUR SUSPENSION BUVABLE
JANUVIA;100;COMPRIME PELLICULE
POTASSIUM CHLORURE;10;SOLUTION POUR PERFUSION
SIFROL 2.1 MG;2.1;COMPRIME LP
SANDIMMUN;100;SOLUTION BUVABLE
AERIUS;5;COMPRIME ENROBE
LEVOTHYROX;200;COMPRIME SECABLE
MIDAZOLAM MYLAN;50;SOLUTION INJECTABLE
BUTOVENT;2;SOLUTION BUVABLE
LAMICTAL;100;COMPRIME
ULTRAVIST;300;SOLUTION INJECTABLE
FENTANYL MYLAN;500;SOLUTION INJECTABLE
CETAXON;500;POUDRE POUR SOLUTION INJECTABLE
CETAXON;500;POUDRE POUR SOLUTION INJECTABLE
CHLORURE DE SODIUM LAPROPHAN;0.9;SOLUTION POUR PERFUSION
CHEMOSET;8;COMPRIME PELLICULE
DONTOMYCINE;3;COMPRIME PELLICULE
ESCODYNE;;COMPRIME EFFERVESCENT
RENNIE;680 / 80;COMPRIME
ALFACAR;1;SUSPENSION BUVABLE
PROGOR;240;GELULE LP
CLAVULIN;100 / 12.5;POUDRE POUR SUSPENSION BUVABLE
VASCOR;20;COMPRIME PELLICULE
DAFLON;500;COMPRIME ENROBE
SEPTIVON;0.5;SOLUTION MOUSSANTE POUR APPLICATION LOCALE
NICOPATCH;14;DISPOSITIF TRANSDERMIQUE
VOLTFAST 50 MG;50;POUDRE POUR SOLUTION BUVABLE
CELEBREX;200;GELULE
TROXINE;150;COMPRIME PELLICULE
COVERAM 5MG/5MG;5 / 5;COMPRIME
AMOXICILLINE/ACIDE CLAVULANIQUE MYLAN;2 / 200;POUDRE POUR SOLUTION INJECTABLE
AVIRANZ;600;COMPRIME PELLICULE
SUPRALOX;900 / 600;SUSPENSION BUVABLE
PROPOFAN;30 / 400;COMPRIME
MEGAFLOX;250;COMPRIME PELLICULE
VACCIN POLYOSIDIQUE MENINGOCOCCIQUE;;POUDRE POUR SUSPENSION INJECTABLE
COMBIVIR;150 / 300;COMPRIME PELLICULE SECABLE
CERVARIX;20;SUSPENSION INJECTABLE
CERVARIX;20;SUSPENSION INJECTABLE
MYRIN 50;50;COMPRIME ENROBE
MYRIN 50;50;COMPRIME ENROBE
EFDOL;200;SUPPOSITOIRE
ISOLONE;20;COMPRIME EFFERVESCENT
SK-F 203;;SOLUTE CONCENTRE
RODAL;500;POUDRE POUR SUSPENSION BUVABLE
OPTICILLINE;250;POUDRE POUR SUSPENSION BUVABLE
LACTEOL FORT;5000;GELULE
AMBROLYS 15MG/5ML;15;SOLUTION BUVABLE
AMBROLYS 15MG/5ML;15;SOLUTION BUVABLE
GLUCAGEN HYPOKIT;1;POUDRE POUR SOLUTION INJECTABLE
PREGNYL;5000;LYOPHILISAT ET SOLVANT POUR USAGE PARENTERAL
STREPTOCID;125;POUDRE POUR SUSPENSION BUVABLE
AMODEX;1;POUDRE POUR SUSPENSION INJECTABLE
FLUPEN 500 MG;500;GELULE
MEXINE 250 MG;250;COMPRIME PELLICULE
HOLOXAN;1;POUDRE POUR PERFUSION
ISUDRINE;12.38 / 152;SUSPENSION BUVABLE
SERTRALINE GT;50;COMPRIME PELLICULE
SERTRALINE GT;50;COMPRIME PELLICULE
CATAFLAM 50 MG;50;COMPRIME ENROBE
CATAFLAM 50 MG;50;COMPRIME ENROBE
ANCINE PLUS 100MG/25MG;100 / 25;COMPRIME PELLICULE
BREXIN;20;SUPPOSITOIRE
BREXIN;20;SUPPOSITOIRE
HIBOR 5000 UI ANTI XA;5000;SOLUTION INJECTABLE
CLOFENE;1;EMULSION GELIFIEE
FLOXEDOL;3;COLLYRE
FLOXEDOL;3;COLLYRE
SINGULAIR;5;COMPRIME A CROQUER
DERMOFIX;2;GEL
TAREG;80;COMPRIME PELLICULE
VEXOL;1;COLLYRE
DOBUTAMINE AGUETTANT 250 MG;250;POUDRE POUR SOLUTION INJECTABLE
ZYLORIC;100;COMPRIME
ZYLORIC;100;COMPRIME
SOCLAV;1 / 125;POUDRE POUR SUSPENSION BUVABLE
SOCLAV;1 / 125;POUDRE POUR SUSPENSION BUVABLE
SOLACY;72.6 / 22;GELULE
RODAL;500;POUDRE POUR SUSPENSION BUVABLE
PRAVASTATINE GT 40 MG;40;COMPRIME
MORBILVAX VACCIN;;PREPARATION INJECTABLE
ZYRDOL;250;COMPRIME
SERDEP 20 MG;20;GELULE
OLIPLAT;100;POUDRE POUR PERFUSION
FRAXODI;19000;SOLUTION INJECTABLE
GRANOCYTE 34;33.6;POUDRE POUR SOLUTION INJECTABLE
ISTACYNE;100;COMPRIME
ISTACYNE;100;COMPRIME
OSCILLOCCINUM;;GLOBULE
CO-ANGINIB;50 / 12.5;COMPRIME PELLICULE
MANNITOL 20 % SOTHEMA;20;SOLUTION POUR PERFUSION
CEFTRIAXONE MYLAN;1;POUDRE POUR SOLUTION INJECTABLE
IXEL;25;GELULE
BICARBONATE EM 59;;SOLUTE CONCENTRE
LOFAT;67;GELULE
SUPRADYNE PRONATAL;;COMPRIME ENROBE
CAMPTO;40;SOLUTION A DILUER POUR PERFUSION
NORMACOL LAVEMENT ENF;4.8 / 10.92;SOLUTION RECTALE
COLLYRE BLEU;2 / 5;COLLYRE
BLEU PATENTE;2.5;SOLUTION INJECTABLE
RHEUMON IM;1;SOLUTION INJECTABLE
BENADRYL;3.5;SOLUTION BUVABLE
PHENERGAN;2;CREME
AVAMYS 27.5 µG/PULVERISATION;0.0275;SUSPENSION POUR PULVERISATION NASALE
ULCESTOP;200;COMPRIME PELLICULE
PENTASA;1;SUSPENSION RECTALE
STATICOL;20;COMPRIME ENROBE SECABLE
ISOFRA;0.8;SOLUTION POUR PULVERISATION NASALE
DICYNONE;250;COMPRIME
DIASTAB;80;COMPRIME SECABLE
DIASTAB;80;COMPRIME SECABLE
PENAMOX;500;POUDRE POUR SUSPENSION BUVABLE
LESCOL;20;GELULE
PYOSTACINE;500;COMPRIME PELLICULE SECABLE
PYOSTACINE;500;COMPRIME PELLICULE SECABLE
GENTALLINE;80;SOLUTION INJECTABLE
AMOXICILLINE/ACIDE CLAVULANIQUE MYLAN;1 / 200;POUDRE POUR SOLUTION INJECTABLE
AMOXICILLINE/ACIDE CLAVULANIQUE MYLAN;1 / 200;POUDRE POUR SOLUTION INJECTABLE
DEPO MEDROL;80;SUSPENSION INJECTABLE
NOVOCLIN 1G/125MG;1 / 125;POUDRE POUR SUSPENSION BUVABLE
CLARITYNE;10;COMPRIME EFFERVESCENT
CALCIPARINE;25000;SOLUTION INJECTABLE
ZADITEN;1;GELULE
SPASMOPRIV;100;GELULE
LESCOL;20;GELULE
PERSANTINE;75;COMPRIME ENROBE
DOPAMINE AGUETTANT 10MG/ML;10;SOLUTION POUR PERFUSION
CICLOVIRAL;5;CREME
XATRAL;2.5;COMPRIME PELLICULE
SPASMOPLUS;220 / 25;COMPRIME ENROBE
CAUSTINERF ARSENICAL;1;PATE DENTAIRE
ZADITEN;1;GELULE
PARANTAL;150;GRANULE POUR SUSPENSION BUVABLE
FORTUM;500;POUDRE POUR SOLUTION INJECTABLE
OKARUBICIN;10;LYOPHILISAT POUR SOLUTION INJECTABLE
PROCLOR;20;GELULE
BETASERC 24 MG;24;COMPRIME
BETASERC 24 MG;24;COMPRIME
THIOBACTIN;125;GRANULE POUR SUSPENSION BUVABLE
BARACLUDE;1;COMPRIME PELLICULE
BARACLUDE;1;COMPRIME PELLICULE
FUCIDINE;2;POMMADE
MACROCID;500;COMPRIME
LOMET;30;GELULE
AMLOR;5;COMPRIME
MADECASSOL;2;POUDRE POUR APPLICATION LOCALE
MADECASSOL;2;POUDRE POUR APPLICATION LOCALE
TAGAMET;200;SOLUTION INJECTABLE
TAGAMET;200;SOLUTION INJECTABLE
FLOTRAL;10;COMPRIME LP
METHYLPREDNISOLONE MYLAN;120;POUDRE POUR SOLUTION INJECTABLE
HEMIDAONIL;2.5;COMPRIME SECABLE
GIVALEX;100 / 500;SOLUTION POUR BAIN DE BOUCHE
ONDANSETRON MYLAN 4 MG/2ML;4;SOLUTION INJECTABLE
GARDENAL;40;POUDRE ET SOLVANT POUR SOLUTION INJECTABLE
MAZAX 200 MG / 5 ML;200;POUDRE POUR SUSPENSION BUVABLE
HOMEOVOX;;COMPRIME ENROBE
BIPERIDYS 20MG;20;COMPRIME PELLICULE SECABLE
KLARCINE 500 MG;500;COMPRIME ENROBE
KLARCINE 500 MG;500;COMPRIME ENROBE
AVANDAMET;2 / 1000;COMPRIME PELLICULE
AVANDAMET;2 / 1000;COMPRIME PELLICULE
TEMODAL;100;GELULE
FORMOMICIN;0.05 / 0.3;COLLYRE
AMLODIPINE WIN;10;COMPRIME SECABLE
ORAPRED 5 MG;5;COMPRIME EFFERVESCENT
ORAPRED 5 MG;5;COMPRIME EFFERVESCENT
NO-DEP;50;COMPRIME SECABLE
NEVIPAN;200;COMPRIME
NEVIPAN;200;COMPRIME
MARVIL;5;COMPRIME
MARVIL;5;COMPRIME
CLAVULIN;1 / 125;POUDRE POUR SUSPENSION BUVABLE
PROFENID;100;POUDRE POUR PERFUSION
ACTIVELLE;1 / 0.5;COMPRIME PELLICULE
ZOFORA;20;GELULE
DEXATOPIC;0.44 / 0.44;CREME
TRILEPTAL;300;COMPRIME PELLICULE
DI-INDO 50 MG;50;COMPRIME EFFERVESCENT
GRINZOLE;10;PATE DENTAIRE
SRILANE;5;CREME
REDLIP;20;COMPRIME ENROBE SECABLE
REDLIP;20;COMPRIME ENROBE SECABLE
ARTANE;5;COMPRIME
GLIVEC;100;COMPRIME PELLICULE
GLIVEC;100;COMPRIME PELLICULE
ULTRAVIST;370;SOLUTION INJECTABLE
AVANDAMET;2 / 500;COMPRIME PELLICULE
AVANDAMET;2 / 500;COMPRIME PELLICULE
PENITARD;0.6;POUDRE POUR SUSPENSION INJECTABLE
ATROPINE PROMOPHARM 1 MG;1;SOLUTION INJECTABLE
ZOFRAN;8;COMPRIME PELLICULE
ANDOL;500;COMPRIME EFFERVESCENT
ANDOL;500;COMPRIME EFFERVESCENT
SIMVASTATINE GT;40;COMPRIME ENROBE
SIMVASTATINE GT;40;COMPRIME ENROBE
PULVO 47;800000 / 40;POUDRE POUR APPLICATION LOCALE
OROTREX;10;CAPSULE MOLLE
ZOXAN LP 4MG;4;COMPRIME LP
ZOXAN LP 4MG;4;COMPRIME LP
EUPANTOL 40 MG;40;COMPRIME GASTRO-RESISTANT
AIRLIX;10;COMPRIME PELLICULE SECABLE
INDOPHARM;25;GELULE
SANDIMMUN;25;CAPSULE MOLLE
TRACRIUM;25;SOLUTION INJECTABLE
ARES;500;COMPRIME PELLICULE
MICROLAX;4.465 / 0.45;GEL RECTAL
KETOFLEX;2.5;GEL
OPTICILLINE;1;POUDRE POUR USAGE PARENTERAL
ZYPREXA;5;COMPRIME PELLICULE
TROXINE;300;COMPRIME PELLICULE
XALACOM;50 / 5;COLLYRE
BECLOJET;250;SOLUTION POUR INHALATION BUCCALE
SPECTRUM;500;COMPRIME PELLICULE
ZILDEN;60;COMPRIME
PENAMOX;250;COMPRIME DISPERSIBLE
TRANSILAC;50;SOLUTION BUVABLE
CIPROXINE MONODOSE;500;COMPRIME PELLICULE
PERNABOL;40;SIROP
DOTAREM;0.5;SOLUTION INJECTABLE
UROCTAL;400;COMPRIME
RISORDAN;10;COMPRIME SECABLE
ALDACTONE;50;COMPRIME PELLICULE SECABLE
SULFOBACTIN;250;COMPRIME
STABLON;12.5;COMPRIME ENROBE
SULFAPRIM FORT;800 / 160;COMPRIME
NO-DEP;50;COMPRIME SECABLE
NEOCLAV;500 / 62.5;POUDRE POUR SUSPENSION BUVABLE
VASOBRAL;50;SOLUTION BUVABLE
MELOXICAM GT;15;COMPRIME SECABLE
MELOXICAM GT;15;COMPRIME SECABLE
DI-ALGIK;400 / 30;GELULE
AGRASTAT 50 MICROGRAMMES/ML;50;SOLUTION POUR PERFUSION
MAXEPA;1;CAPSULE
MICROPAKINE LP;500;GRANULE LP
MICROPAKINE LP;500;GRANULE LP
CANTABILINE 400;400;COMPRIME
BIPERIDYS 20MG;20;COMPRIME PELLICULE SECABLE
MONONITRIL;40;COMPRIME SECABLE
PIVALONE;1;SUSPENSION NASALE
PIVALONE;1;SUSPENSION NASALE
LEVAMOX 500 MG/62.5 MG;500 / 62.5;COMPRIME EFFERVESCENT
ONDANSETRON AGUETTANT 2 MG/ML;4;SOLUTION INJECTABLE
LOVENOX;6000;SOLUTION INJECTABLE
OFLOCET;1.5;SOLUTION AURICULAIRE
OFLOCET;1.5;SOLUTION AURICULAIRE
THYMOGLOBULINE;25;POUDRE POUR SOLUTION INJECTABLE
MAALOX;4 / 3.5;SUSPENSION BUVABLE
LAMISIL;1;CREME
METROZAL;250;COMPRIME
DIPROSONE;0.05;CREME
PARANTAL 300 MG;300;GRANULE
BACTALL;500;COMPRIME ENROBE
PENAMOX;1;POUDRE POUR SOLUTION INJECTABLE
VIAGRA;100;COMPRIME ENROBE
ISUPREL;0.2;SOLUTION POUR PERFUSION
BRONXOL;0.3;SOLUTION BUVABLE
FLUOCARIL BF 250;0.25;GEL DENTIFRICE
ANTAGON H2;200;COMPRIME
CRISTAL ENF;1.2;SUPPOSITOIRE
CLADIA;250;COMPRIME ENROBE
SPECTRUM G;500;COMPRIME PELLICULE
MELOXAM 15 MG PROMOPHARM;15;COMPRIME
ADO 1000MG;1000;COMPRIME PELLICULE
GEOMYCINE;3;POMMADE
AMOXIL;250;POUDRE POUR SUSPENSION BUVABLE
DOBUTAMINE MYLAN;250;SOLUTION A DILUER POUR PERFUSION
FURILAN;20;SOLUTION INJECTABLE
NUPENTIN;400;GELULE
CLARTEC;10;COMPRIME
GLUCOSE 5% LAPROPHAN;5;SOLUTION POUR PERFUSION
HUMEX EXPECTORANT ENFANTS ET NOURRISONS;2;SIROP
COVERSYL;5;COMPRIME PELLICULE SECABLE
ARGO;500 / 267;SUSPENSION BUVABLE
ARGO;500 / 267;SUSPENSION BUVABLE
CLOMITER;1;SOLUTION POUR APPLICATION LOCALE
SEROPLEX;10;COMPRIME PELLICULE SECABLE
SEROPLEX;10;COMPRIME PELLICULE SECABLE
PARACETAL;500;COMPRIME SECABLE
INDOLAN;25;GELULE
MELOXICAM GT;7.5;COMPRIME
MELOXICAM GT;7.5;COMPRIME
PANSORAL;1.3 / 1.5;GEL BUCCAL
CISPLATINE MYLAN;10;SOLUTION POUR PERFUSION
RISPERDAL;4;COMPRIME PELLICULE SECABLE
RISPERDAL;4;COMPRIME PELLICULE SECABLE
MOBIC;7.5;SUPPOSITOIRE
AVONEX 30 µG;30;SOLUTION INJECTABLE
LIDOCAINE 2% LAPROPHAN;2;SOLUTION INJECTABLE
ROCEPHIN;2;POUDRE POUR PERFUSION
INSULINE ACTRAPID HM PENFILL;100;SOLUTION INJECTABLE
SORBHEPATIC;1.5 / 0.05;COMPRIME EFFERVESCENT
NIFROZID;200;GELULE
BAYCUTENE N;1 / 40;CREME
CORTANCYL;1;COMPRIME
BETADINE;8.5;SOLUTION POUR BAIN DE BOUCHE
PHARMADIPINE;10;CAPSULE
BIPERIDYS 20MG;20;COMPRIME PELLICULE SECABLE
BIPERIDYS 20MG;20;COMPRIME PELLICULE SECABLE
OROKEN;100;POUDRE POUR SUSPENSION BUVABLE
TECPRIL;5;GELULE
CLIMASTON;1 / 10;COMPRIME PELLICULE
ROCEPHIN IV;250;POUDRE POUR SOLUTION INJECTABLE
CANAFLUCAN;50;GELULE
CANAFLUCAN;50;GELULE
THROMBOPAT;250;COMPRIME PELLICULE
TRIXAZOL FORT;400 / 80;COMPRIME
NOVOCLIN;100 / 12.5;POUDRE POUR SUSPENSION BUVABLE
PIPORTIL L4;25;SOLUTION INJECTABLE
PIPORTIL L4;25;SOLUTION INJECTABLE
LORACTYNE;0.1;SIROP
LORACTYNE;0.1;SIROP
MUXOL;30;COMPRIME
CHAMPIX;0.5;COMPRIME PELLICULE
CHAMPIX;0.5;COMPRIME PELLICULE
HYPNOMIDATE;2;SOLUTION INJECTABLE
AUGMENTIN;1 / 125;POUDRE POUR SUSPENSION BUVABLE
FLUSKIN NEOMYCINE;0.05 / 0.05;POMMADE
PEVARYL;1;EMULSION POUR APPLICATION LOCALE
ACTI-5;100 / 25;SOLUTION BUVABLE
EMLA 5%;5 / 5;CREME
HEPT-A-MYL;30.5;SOLUTION POUR GOUTTES BUVABLES
NEORAL;100;SOLUTION BUVABLE
KOGENATE 500 UI;500;POUDRE POUR SOLUTION INJECTABLE
CEFTRIAXONE MYLAN;500;POUDRE POUR SOLUTION INJECTABLE
ALDACTAZINE;25 / 15;COMPRIME ENROBE SECABLE
GENTALLINE;40;SOLUTION INJECTABLE
ONSET;8;SOLUTION INJECTABLE
ONSET;8;SOLUTION INJECTABLE
SODIUM CHLORURE PROMOPHARM;0.9;SOLUTION POUR PERFUSION
VENTOLINE;5;SOLUTION POUR INHALATION PAR NEBULISEUR
ELVORINE;100;PREPARATION INJECTABLE
ZAMOX;1 / 125;POUDRE POUR SUSPENSION BUVABLE
EFDOL;350;SUPPOSITOIRE
HEMOPUR B1;;SOLUTION POUR HEMODIALYSE
MIRCERA 250 µG/0.3 ML;250;SOLUTION INJECTABLE
CLARIL;500;COMPRIME
ERLUS 5 MG;5;COMPRIME PELLICULE
DISPAMOX 125 MG;125;POUDRE POUR SUSPENSION BUVABLE
LILLYPEN NPH;100;SUSPENSION INJECTABLE INTERMEDIAIRE
VALEX 500 MG;500;COMPRIME ENROBE
VALEX 500 MG;500;COMPRIME ENROBE
SEROHALE 125 µG;25 / 125;SUSPENSION POUR INHALATION BUCCALE
SEROHALE 125 µG;25 / 125;SUSPENSION POUR INHALATION BUCCALE
ZECLAR;25;GRANULE POUR SUSPENSION BUVABLE
ZECLAR;25;GRANULE POUR SUSPENSION BUVABLE
BICALUTAMIDE GT 150 MG;150;COMPRIME PELLICULE
BICALUTAMIDE GT 150 MG;150;COMPRIME PELLICULE
CELEBREX;200;GELULE
ICANAL;20;COMPRIME
DIFRAREL E;50 / 50;COMPRIME ENROBE
DUSPATALIN;200;GELULE
DUSPATALIN;100;COMPRIME ENROBE
COAPROVEL;300 / 12.5;COMPRIME ENROBE GASTRO-RESISTANT
LYRICA;50;GELULE
STALEVO 150/37.5/200 MG;200 / 150 / 40.50;COMPRIME PELLICULE
STALEVO 150/37.5/200 MG;200 / 150 / 40.50;COMPRIME PELLICULE
TRAMAL;50;GELULE
ART 50;50;GELULE
ART 50;50;GELULE
VIVACALCIUM;;SOLUTION BUVABLE
PRAVASTATINE GT;20;COMPRIME
MABTHERA;100;SOLUTION A DILUER POUR PERFUSION
AZ;500;COMPRIME SECABLE
DILOVAC;6.25;COMPRIME SECABLE
HYDERGINE;4.5;COMPRIME SECABLE
ACIVIR;800;COMPRIME
DESFERAL;0.5;POUDRE POUR SOLUTION INJECTABLE
POLYSILANE;2.25;GEL ORAL
POLYSILANE SANS SUCRE;2.25;GEL ORAL
DEPAKINE;200;SIROP
STAGID;280;COMPRIME SECABLE
MIOREL;4;SOLUTION INJECTABLE
POSICYCLINE;0.05;POMMADE OPHTALMIQUE
AULIN;100;GRANULE POUR SUSPENSION BUVABLE
FORMOTEROL SMB 12 µG;12;POUDRE POUR INHALATION
INSULINE INSULATARD HM;100;SUSPENSION INJECTABLE INTERMEDIAIRE
ETOPOSIDE EBEWE;20;SOLUTION A DILUER POUR PERFUSION
FLIXOTIDE DISKUS;100;SUSPENSION POUR INHALATION
SANMIGRAN;0.5;COMPRIME ENROBE
SYNTOCINON;5;SOLUTION INJECTABLE
RIACEN;1;CREME
TOPLEXIL;0.033 / 0.666;SIROP
ZITHROMAX;500;COMPRIME
MOTILIUM;1;SUSPENSION BUVABLE
ZOCOR;20;COMPRIME ENROBE SECABLE
ARACYTINE;500;POUDRE POUR SOLUTION INJECTABLE
ARACYTINE;500;POUDRE POUR SOLUTION INJECTABLE
ADO;500;COMPRIME PELLICULE
CLOFENE;100;SUPPOSITOIRE
PIROCAM SOTHEMA 20 MG/ML;20;SOLUTION INJECTABLE
PIROCAM SOTHEMA 20 MG/ML;20;SOLUTION INJECTABLE
CANAFLUCAN;150;GELULE
CANAFLUCAN;150;GELULE
OLMETEC;10;COMPRIME PELLICULE
XYLATIN 100;100;POUDRE POUR SOLUTION POUR PERFUSION
GAVISCON NOURRISSON;500 / 267;SUSPENSION BUVABLE
CUTACNYL;10;GEL
EOSINE AQUEUSE;2;SOLUTION POUR APPLICATION LOCALE
DICLOMAX;25;COMPRIME GASTRO-RESISTANT
FONZYLANE;50;SOLUTION INJECTABLE
ESAC 40 MG;40;GELULE
ESAC 40 MG;40;GELULE
ESTRACYT;140;GELULE
FONGICAN 150 MG;150;GELULE
ALER Z;10;COMPRIME PELLICULE
DOPEZIL RANBAXY;5;COMPRIME PELLICULE
REDLIP;20;COMPRIME ENROBE SECABLE
REDLIP;20;COMPRIME ENROBE SECABLE
DOLMAX F.T. 125;125;COMPRIME ORODISPERSIBLE
LEPONEX;25;COMPRIME SECABLE
MACROMAX;300;POUDRE POUR SUSPENSION BUVABLE
MACROMAX;300;POUDRE POUR SUSPENSION BUVABLE
RENITEC;20;COMPRIME SECABLE
RETACNYL;0.025;CREME
RHINATHIOL ADULTES EXPECTORANT;5;SIROP
PIMAFUCORT;0.2 / 1250;POMMADE
SPASMOPAN;20;SOLUTION INJECTABLE
GLIMEWIN;4;COMPRIME
GLIMEWIN;4;COMPRIME
CARDINOR;6.25;COMPRIME
CARDINOR;6.25;COMPRIME
ALFAPROXINE;750;COMPRIME PELLICULE
ALFAPROXINE;750;COMPRIME PELLICULE
FLOXAPEN;250;POUDRE POUR SUSPENSION BUVABLE
PRINCI-B FORT;50 / 250;COMPRIME PELLICULE
BETADINE TULLE;10;PANSEMENT MEDICAMENTEUX
SPASMAG;59 / 50;GELULE
FINASTERIDE GT 5MG;5;COMPRIME PELLICULE
TERBINAFINE GT;250;COMPRIME SECABLE
TERBINAFINE GT;250;COMPRIME SECABLE
DRAMAMINE;50;COMPRIME PELLICULE QUADRISECABLE
VOMISTOP 0.1 %;0.1;SOLUTION BUVABLE
AUREOMYCINE 3%;3;POMMADE
ELUDRIL;0.5 / 0.5;SOLUTION POUR BAIN DE BOUCHE
DETENSIEL;10;COMPRIME PELLICULE SECABLE
BRONCHOKOD;2;SIROP
HEMOPUR B1;;SOLUTION POUR HEMODIALYSE
LIPISTAT;20;COMPRIME ENROBE
LIPISTAT;20;COMPRIME ENROBE
THIAM 250 MG/5ML;250;GRANULE POUR SUSPENSION BUVABLE
THIAM 250 MG/5ML;250;GRANULE POUR SUSPENSION BUVABLE
STAGID;280;COMPRIME SECABLE
TRINOMYC;2;SOLUTION POUR PERFUSION
TOPIRAMATE GT 50 MG;50;COMPRIME PELLICULE
BIOTONE;3.36 / 0.28;SOLUTION BUVABLE
CIVASTINE;20;COMPRIME ENROBE
AMUCHUN 5;0.055 / 0.9;SOLUTION POUR APPLICATION LOCALE
OLICLINOMEL N7-1000E;;SOLUTION ET EMULSION POUR PERFUSION
OLICLINOMEL N7-1000E;;SOLUTION ET EMULSION POUR PERFUSION
DIPICOR;5;COMPRIME
FURADANTINE;50;GELULE
ULCIDINE;40;COMPRIME SECABLE
FENOGAL;200;GELULE
NIFARM;10;CAPSULE
NAVELBINE;30;CAPSULE MOLLE
BONEFOS 800 MG;800;COMPRIME PELLICULE
ACTEMRA 80MG/4ML;80;SOLUTION A DILUER POUR PERFUSION
DICLOMAX;100;GELULE LP
ACULAR;0.5;COLLYRE
PROGESTOGEL;1;GEL
GLUCOSE 5% SOTHEMA;5;SOLUTION POUR PERFUSION
ARTELAC;3.20;COLLYRE
ONGECIN;200;POUDRE POUR SOLUTION POUR PERFUSION
ATENOR;100;COMPRIME SECABLE
CHRONO-INDOCID;75;GELULE
PEGASYS;135;SOLUTION INJECTABLE
COLLUXID;100 / 250;SOLUTION POUR BAIN DE BOUCHE
PREDNI 20;20;COMPRIME EFFERVESCENT
OSPAMOX;1;COMPRIME DISPERSIBLE
RIACEN;20;GELULE
REQUIP 0.25 MG;0.25;COMPRIME PELLICULE
FLOXAM;250;PREPARATION INJECTABLE
VISCERALGINE;20;SUPPOSITOIRE
METHERGIN;0.125;COMPRIME PELLICULE
AMOXICILLINE LLORENTE;250;POUDRE POUR SUSPENSION BUVABLE
DICLOFENAC WIN 50 MG;50;COMPRIME ENROBE GASTRO-RESISTANT
CODOLIPRANE;400 / 20;COMPRIME SECABLE
PROFENID LP;200;COMPRIME LP
SELSUN;2.5;SUSPENSION POUR APPLICATION LOCALE
SUPRADYNE SANS SUCRE;;COMPRIME EFFERVESCENT
SUPRADYNE SANS SUCRE;;COMPRIME EFFERVESCENT
RILUTEK 50MG;50;COMPRIME PELLICULE
TRIVASTAL;50;COMPRIME LP
TETRACYCLINE LAPROPHAN;250;COMPRIME ENROBE
OKA-VINBLASTIN;10;POUDRE POUR SOLUTION INJECTABLE
HUMALOG;100;SOLUTION INJECTABLE
TENORMINE;5;SOLUTION INJECTABLE
FLOXIL;500;GELULE
METHOTREXATE BIODIM;5;SOLUTION INJECTABLE
MEFSAL;15;COMPRIME SECABLE
ESTROFEM;2;COMPRIME PELLICULE
MARVIL;10;COMPRIME
MARVIL;10;COMPRIME
BACTRIM;200 / 40;SUSPENSION BUVABLE
LOSARTAN GT;100;COMPRIME PELLICULE SECABLE
MEDIVEINE;300;COMPRIME PELLICULE
OEDES;20;GELULE
BONDRONAT 6MG/6ML;6;SOLUTION A DILUER POUR PERFUSION
BONDRONAT 6MG/6ML;6;SOLUTION A DILUER POUR PERFUSION
PARANTAL;650;SUPPOSITOIRE
CLARADOL PLUS;250 / 150;COMPRIME
GEPRID;1;COMPRIME
GEPRID;1;COMPRIME
CELLUVISC;4;COLLYRE
BAITANET D;10;SOLUTION POUR APPLICATION LOCALE
EXACYL;1;SOLUTION BUVABLE
FEMARA;2.5;COMPRIME PELLICULE
CURAM;500 / 125;COMPRIME ENROBE
CATAFLAM;25;COMPRIME ENROBE
METEOSPASMYL;60 / 300;CAPSULE MOLLE
REMOX;1;CREME
RAMIPRIL/HYDROCHLOROTHIAZIDE GT 2.5 MG/12.5 MG;2.5/12.5;COMPRIME
DUPHASTON;10;COMPRIME PELLICULE SECABLE
LEVITRA;20;COMPRIME PELLICULE
GONAL-F 75 UI;75;POUDRE POUR SOLUTION INJECTABLE
GONAL-F 75 UI;75;POUDRE POUR SOLUTION INJECTABLE
MYCOSTATINE;100000;SUSPENSION BUVABLE
ACTEMRA 200MG/10ML;200;SOLUTION A DILUER POUR PERFUSION
OMEGEN;10;GELULE GASTRO-RESISTANTE
FLUORESCEINE 10 % FAURE;10;SOLUTION INJECTABLE
ANTAGON H2;200;SOLUTION INJECTABLE
LOXEN;20;COMPRIME SECABLE
PROGOR;300;GELULE LP
COLTRAMYL;4;SOLUTION INJECTABLE
INSPRA 25 MG;25;COMPRIME PELLICULE
CHRONADALATE L.P;60;COMPRIME OSMOTIQUE LP
DOPEZIL RANBAXY;5;POUDRE POUR SUSPENSION INJECTABLE
OSMOSINE;1;SUSPENSION BUVABLE
OSMOSINE;1;SUSPENSION BUVABLE
FONZYLANE;150;COMPRIME PELLICULE
FONZYLANE;150;COMPRIME PELLICULE
APIDRA;100;SOLUTION INJECTABLE
SMECTA;3;POUDRE POUR SUSPENSION BUVABLE
THERMO-RHEUMON;10;CREME
TERALITHE;250;COMPRIME SECABLE
MAXIDROL;100 / 350000;COLLYRE
METRONIDAZOLE MYLAN;500;SOLUTION POUR PERFUSION
ARCOXIA;120;COMPRIME PELLICULE
NORMATENS 50MG;50;COMPRIME
NORMATENS 50MG;50;COMPRIME
KYTRIL;3;SOLUTION INJECTABLE
MICROPHYLLINE;100;GELULE LP
SILDENAFIL WIN 100 MG;100;COMPRIME PELLICULE
LIPISTAT;10;COMPRIME ENROBE
LIPISTAT;10;COMPRIME ENROBE
MINIRIN;0.2;COMPRIME
METRONIDAZOLE MYLAN;500;SOLUTION POUR PERFUSION
NOVOSEVEN 240 KUI *;4.8;POUDRE POUR SOLUTION INJECTABLE
CLAMOXYL;500;COMPRIME DISPERSIBLE
FLUCAZOL;150;GELULE
AXIMYCINE;1;COMPRIME DISPERSIBLE
ACIVIR;0.5;CREME
ACLAV;1 / 125;POUDRE POUR SUSPENTION BUVABLE
ASPEGIC AD;1;SOLUTION INJECTABLE
STARZOL;150;GELULE
DEXAMETHASONE MYLAN;20;SOLUTION INJECTABLE
HALOTHANE;100;SOLUTION POUR INHALATION
ULTIVA 5 MG;5;POUDRE POUR PREPARATION INJECTABLE
ULTIVA 5 MG;5;POUDRE POUR PREPARATION INJECTABLE
DUOVIR;150 / 300;COMPRIME PELLICULE
NEOMOX;1;COMPRIME DISPERSIBLE
PENICILLINE G SODIQUE PHARMA;5;POUDRE POUR PREPARATION INJECTABLE
TOTAPEN;500;POUDRE POUR SOLUTION INJECTABLE
CUSIMOLOL;0.5;COLLYRE
CUSIMOLOL;0.5;COLLYRE
MOPRAL;10;GELULE GASTRO-RESISTANTE
SOLUPRED;20;COMPRIME EFFERVESCENT
AVANDAMET;1 / 500;COMPRIME PELLICULE
AVANDAMET;1 / 500;COMPRIME PELLICULE
STAPHYPEN;500;GELULE
GYNO CANESTEN;100;COMPRIME GYNECOLOGIQUE
FLUVIC ENFANT;2;SIROP
ORACEFAL;1;COMPRIME DISPERSIBLE
ZOTROL;50;COMPRIME SECABLE
RHINATHIOL PROMETHAZINE;100 / 2.5;SIROP
MELOXAM 15 MG PROMOPHARM;15;COMPRIME
NICOPASS 1.5 MG SANS SUCRE MENTHE FRAICHEUR;1.5;PASTILLE A SUCER
NICOPASS 1.5 MG SANS SUCRE REGLISSE MENTHE;1.5;PASTILLE A SUCER
STREPTOCID;500;POUDRE POUR SUSPENSION BUVABLE
STREPTOCID;500;POUDRE POUR SUSPENSION BUVABLE
ATROPINE PROMOPHARM 0,25 MG;0.25;SOLUTION INJECTABLE
WELLBUTRIN XR 300 MG;300;COMPRIME PELLICULE LM
WELLBUTRIN XR 300 MG;300;COMPRIME PELLICULE LM
VIRECTIL 100 MG;100;COMPRIME PELLICULE
AMPICILLINE LLORENTE;250;POUDRE POUR SUSPENSION BUVABLE
VASTAREL LM;35;COMPRIME PELLICULE LM
INDOBIOTIC;1 / 3000;COLLYRE
MEZOR 20 MG;20;GELULE GASTRO-RESISTANTE
INTRONA;30;SOLUTION INJECTABLE
DECADURABOLIN;25;SOLUTION INJECTABLE
ARGENT COLLOIDAL 5%;5;POMMADE
DIFLUCAN;150;GELULE
ENCIFER 100MG/5ML;100 / 5;SOLUTION INJECTABLE POUR PERFUSION
HYDRACORT;0.5;CREME
VIRLIX;10;SOLUTION POUR GOUTTES BUVABLES
TELEBRIX GASTRO;66.03;SOLUTION BUVABLE OU RECTALE
EFICAL;1;SOLUTION BUVABLE
CHLORURE DE SODIUM 0.9%;0.9;SOLUTION POUR PERFUSION
TRINORDIOL;0.05 / 0.03;COMPRIME ENROBE
STRATTERA 18 MG;18;GELULE
RADIOSELECTAN URINAIRE ET VASCULAIRE;76;SOLUTION INJECTABLE
RANITIL;150;COMPRIME PELLICULE
ANGLOR;5;COMPRIME
EPIVIR;150;COMPRIME PELLICULE
ROTARIX;0;POUDRE POUR SUSPENSION BUVABLE
ROTARIX;0;POUDRE POUR SUSPENSION BUVABLE
ANDRAXAN;250;COMPRIME ENROBE
NASONEX;50;SUSPENSION POUR PULVERISATION NASALE
BERTOCIL;0.5;COLLYRE
BETOPTIC;0.5;COLLYRE
BI-ALGAN;400 / 30;GELULE
ZOLTAN 50 MG;50;COMPRIME ENROBE SECABLE
EUSAPRIM FORT;4 / 800;SUSPENSION BUVABLE
GARDENAL;10;COMPRIME
PIROCAM SOTHEMA 20 MG/ML;20;SOLUTION INJECTABLE
PIROCAM SOTHEMA 20 MG/ML;20;SOLUTION INJECTABLE
FUNGILYSE;150;OVULE
BUSCOPAN;10;COMPRIME ENROBE
AERRANE;100;SOLUTION POUR INHALATION
AERRANE;100;SOLUTION POUR INHALATION
EPREX 10000 UI/ML;10000;SOLUTION INJECTABLE
INFANRIX IPV / HIB;;POUDRE ET SOLVANT POUR SUSPENSION INJECTABLE
FELDENE;20;COMPRIME DISPERSIBLE
ZYRDOL;500;COMPRIME
SARGENOR;1;COMPRIME EFFERVESCENT
CAPD/DPCA 2;;SOLUTION POUR DIALYSE PERITONEALE
STADIAR;2;GELULE
CHRONADALATE L.P;30;COMPRIME OSMOTIQUE LP
OROTREX;20;CAPSULE MOLLE
IRINOTECAN;100;SOLUTION A DILUER POUR PERFUSION
MILIPREL;3;COMPRIME
SERETIDE 125;125 / 25;SUSPENSION POUR INHALATION
ALTEC;5;GELULE
VIDAZA 25 MG/ML;100;POUDRE POUR SUSPENSION INJECTABLE
ACEPRIL PLUS;4 / 1.25;COMPRIME
ACEPRIL PLUS;4 / 1.25;COMPRIME
AVASTIN;400;SOLUTION A DILUER POUR PERFUSION
ULTRA-LEVURE 250MG;250;GELULE
GENTOSYL;160;SOLUTION INJECTABLE
GIROFLOX;200;SOLUTION INJECTABLE POUR PERFUSION
GIROFLOX;200;SOLUTION INJECTABLE POUR PERFUSION
PROGAST;20;GELULE
XENETIX 350;76.78;SOLUTION INJECTABLE
AGREAL;100;GELULE
MARCAINE 0,25 %;0.25;SOLUTION INJECTABLE
GEMCITABINE HOSPIRA 1 G;1;POUDRE POUR SOLUTION POUR PERFUSION
METRONIDAZOLE BIEFFE MEDITAL;500;SOLUTION POUR PERFUSION
DILATOR;2.5;SOLUTION POUR INHALATION PAR NEBULISEUR
DILATOR;2.5;SOLUTION POUR INHALATION PAR NEBULISEUR
TEGRETOL LP;200;COMPRIME PELLICULE SECABLE A LP
CISPLATINE EBEWE;10;SOLUTION POUR PERFUSION
RHEUMON;5;GEL
SEGLOR;5;GELULE
FIBROCARD LP;240;GELULE LP
VASOBRAL;4;COMPRIME SECABLE
BETNEVAL NEOMYCINE;0.1 / 0.35;CREME
TIMOLOL-POS;0.5;COLLYRE
LOXEN *;5;SOLUTION INJECTABLE
AMBATROL;200;GELULE
LYSANXIA;15;SOLUTION POUR GOUTTES BUVABLES
APROVEL;150;COMPRIME PELLICULE
DIALYSE PERITONEALE BIEFFE FORMULE 91;;SOLUTION POUR DIALYSE PERITONEALE
LEDERFOLINE;5;COMPRIME
ANGIMOLE 75 MG;75;COMPRIME DRAGEIFIE
BIOTIC PLUS;1 / 125;POUDRE POUR SUSPENSION BUVABLE
ZOVIRAX;3;POMMADE OPHTALMIQUE
GENTAGAM 40;40;SOLUTION INJECTABLE
PENAMOX;500;POUDRE POUR SUSPENSION BUVABLE
AVANDIA;4;COMPRIME PELLICULE
COQUELUSEDAL PARACETAMOL ENF;10 / 20 / 250;SUPPOSITOIRE
CHLORURE DE SODIUM 0.9%;0.9;SOLUTION POUR PERFUSION
PHARMAFLAM;75;SOLUTION INJECTABLE
NALGESIC;300;COMPRIME PELLICULE
S-CITAP 10 MG;10;COMPRIME PELLICULE
CICLOVIRAL;200;COMPRIME
TIMOPTOL;0.25;COLLYRE
MYCOSTATINE;100000;COMPRIME VAGINAL
INDUCTAN;0.787;GRANULE POUR SUSPENSION BUVABLE
ZAMOX;100 / 12.5;POUDRE POUR SUSPENSION BUVABLE
AZANTAX;30;SOLUTION A DILUER POUR PERFUSION
CLARTEC;0.1;SIROP
HYDREA;500;GELULE
DHE;2;SOLUTION POUR GOUTTES BUVABLES
ULTRA-LEVURE 250MG;250;POUDRE POUR SUSPENSION BUVABLE
MIOCAMEN;600;COMPRIME PELLICULE
PROGRAF;1;GELULE
PROGRAF;1;GELULE
MALANIL 250 MG/100 MG;250 / 100;COMPRIME PELLICULE
MALANIL 250 MG/100 MG;250 / 100;COMPRIME PELLICULE
FLEXEN IV;100;POUDRE POUR USAGE PARENTERAL
VALSARTAN WIN 80 MG;80;COMPRIME PELLICULE SECABLE
BI-TILDIEM LP;90;COMPRIME LP
BI-TILDIEM LP;90;COMPRIME LP
ZOLAM;15;GELULE
ZOLAM;15;GELULE
TELEBRIX 35;65.09 / 9.66;SOLUTION INJECTABLE
XENID;50;COMPRIME ENROBE GASTRO-RESISTANT
CO-TRIM FORT;800 / 160;COMPRIME
DOLIPRANE;1;SUPPOSITOIRE
DICLOMAX;50;COMPRIME GASTRO-RESISTANT
TELEBRIX HYSTERO;11.01;SOLUTION INJECTABLE
CIVASTINE;20;COMPRIME ENROBE
DAIVONEX;50;SOLUTION POUR APPLICATION LOCALE
NOVORAPID FLEXPEN;100;SOLUTION INJECTABLE
VITAIR;100;SUSPENSION POUR INHALATION BUCCALE
AXIMYCINE;250;POUDRE POUR SUSPENSION BUVABLE
GASTROLIBER;30;GELULE GASTRO-RESISTANTE
GENTAL;0.3;COLLYRE
TELEBRIX 30 MEGLUMINE;66.03;SOLUTION INJECTABLE
CATALGINE ENFANTS ET NOURRISSONS;100;POUDRE POUR SOLUTION BUVABLE
BOURGET INOSITOL;300 / 50;COMPRIME EFFERVESCENT
TOTIFEN;1;GELULE
LEVEMIR FLEXPEN;100;SOLUTION INJECTABLE LP
PRUREX;10;CREME
VFEND;50;COMPRIME ENROBE
EXODERIL;1;SOLUTION POUR APPLICATION LOCALE
WELLBUTRIN XR 150 MG;150;COMPRIME PELLICULE LM
WELLBUTRIN XR 150 MG;150;COMPRIME PELLICULE LM
FLOTEC;125;SUSPENSION POUR INHALATION BUCCALE
FLOTEC;125;SUSPENSION POUR INHALATION BUCCALE
AMAREL;1;COMPRIME
OSPAMOX;125;GRANULE POUR SUSPENSION BUVABLE
PREDNISOLONE WIN;20;COMPRIME EFFERVESCENT
PREDNISOLONE WIN;20;COMPRIME EFFERVESCENT
PROGAST;20;GELULE
UROBACID;400;COMPRIME ENROBE
NICOPATCH;7;DISPOSITIF TRANSDERMIQUE
BECONASE;50;SUSPENSION NASALE
ACNO 20 MG;20;CAPSULE MOLLE
HICONCIL;125;POUDRE POUR SUSPENSION BUVABLE
PYOCIADIM;1;POUDRE POUR PERFUSION
JANUMET;50 / 850;COMPRIME PELLICULE
MELOXAM 7.5 MG PROMOPHARM;7.5;COMPRIME
AMIKACINE MYLAN;500;POUDRE POUR SOLUTION INJECTABLE
LOMET;15;GELULE
NOVANTRONE;10;SOLUTION POUR PERFUSION
AZIX 900 MG;200;POUDRE POUR SUSPENSION BUVABLE
OSMOLAX;66;SOLUTION BUVABLE
BACTOX;1;POUDRE POUR SUSPENSION BUVABLE
FLECAINE;100;COMPRIME SECABLE
TRISULFA;4 / 800;SUSPENSION BUVABLE
BARALGIN M AD;1;SUPPOSITOIRE
CLOBEX 500 µG;500;SHAMPOOING
HIBOR 3500 UI ANTI XA;3500;SOLUTION INJECTABLE
XALGIX;325 / 32.5;COMPRIME
S-CORT 20 MG;20;COMPRIME EFFERVESCENT SECABLE
NIBIOL;100;COMPRIME ENROBE
NORACIN;400;COMPRIME ENROBE
REMOX;20;SUPPOSITOIRE
OXALIPLATINE WIN 5 MG/ML;100;POUDRE POUR SOLUTION POUR PERFUSION
RANITIL;150;COMPRIME PELLICULE
AXIMYCINE;250;POUDRE POUR SUSPENSION BUVABLE
LESCOL;40;GELULE
EXFORGE 10 MG/160 MG;10 / 160;COMPRIME PELLICULE
EXFORGE 10 MG/160 MG;10 / 160;COMPRIME PELLICULE
COLIMYCINE;1;POUDRE POUR SOLUTION INJECTABLE
ACLAV;100 / 12.5;POUDRE POUR SUSPENSION BUVABLE
PERMIXON;160;GELULE
SPECTRUM;0.3;SOLUTION POUR GOUTTE AURICULAIRE
SPECTRUM;0.3;SOLUTION POUR GOUTTE AURICULAIRE
FLIXOTIDE;125;SUSPENSION POUR INHALATION
OTORALGYL;1 / 0.25;SOLUTION POUR GOUTTE AURICULAIRE
ZAICAÏNE 2 % NORADRENALINE;38.412;SOLUTION INJECTABLE POUR USAGE DENTAIRE
VOGALENE;5;SUPPOSITOIRE
GONAL-F300;300;POUDRE POUR SOLUTION INJECTABLE
GONAL-F300;300;POUDRE POUR SOLUTION INJECTABLE
CELEBREX;100;GELULE
EUMOXOL 0.3%;0.3;SOLUTION BUVABLE
ELOXATINE 5 MG/ML;50;POUDRE POUR SOLUTION POUR PERFUSION
MICROPAKINE LP 750 MG;750;GRANULE LP
MICROPAKINE LP 750 MG;750;GRANULE LP
NO-DOL CODEINE 500MG/30MG;500 / 30;COMPRIME
NO-DOL CODEINE 500MG/30MG;500 / 30;COMPRIME
XYLATIN 50;50;POUDRE POUR SOLUTION POUR PERFUSION
GLIPHARM;5;COMPRIME SECABLE
ACIDE SLF283;;SOLUTE CONCENTRE
PANFUREX;200;GELULE
SIMVASTATINE GT;20;COMPRIME ENROBE
SIMVASTATINE GT;20;COMPRIME ENROBE
CIDERMEX;10 / 35000;POMMADE
ULTRALAN;250;POMMADE
VOGASET;8;SOLUTION A DILUER POUR PERFUSION
VALIUM;5;COMPRIME SECABLE
GALVUS MET 50MG/850MG;50 / 850;COMPRIME PELLICULE
ZOLAM;30;GELULE
JASMINE;3 / 30;COMPRIME PELLICULE
JASMINE;3 / 30;COMPRIME PELLICULE
BACTRIM FORT;800 / 160;COMPRIME SECABLE
CO-VALSARTAN WIN 80MG/12.5MG;80 / 12.5;COMPRIME PELLICULE
EPIDUO GEL;1/25;GEL
ARANESP 30 µG;30;SOLUTION INJECTABLE
ARANESP 30 µG;30;SOLUTION INJECTABLE
FLUMAX 4000 UI ANTI-XA/0.4ML;4000;SOLUTION INJECTABLE
BETOPTIC;0.25;COLLYRE
LOVENOX;4000;SOLUTION INJECTABLE
LIDOCAINE 5% LAPROPHAN NAPHAZOLINE;5 / 0.02;SOLUTION POUR APPLICATION LOCALE
FERO-GRAD FOLIC;105 / 350;COMPRIME ENROBE
FERO-GRAD FOLIC;105 / 350;COMPRIME ENROBE
GLUCOSE 10% LAPROPHAN;10;SOLUTION POUR PERFUSION
LAMISIL;250;COMPRIME SECABLE
PERFALGAN 10 MG/ML NOURRISSONS ET ENFANT;500;SOLUTION POUR PERFUSION
CLAMOXYL;250;COMPRIME DISPERSIBLE
CHEMOSET;4;COMPRIME PELLICULE
BETASTENE 0.05 %;0.5;SOLUTION BUVABLE
BRONCOTEC;12;GELULE INHALEE
ZYRTEC;1;SOLUTION BUVABLE
FELDENE;20;SUPPOSITOIRE
TRIMOX FORT;800 / 160;COMPRIME
PROGOR;120;GELULE LP
ONIFINE 1%;1;CREME
HAVRIX;720;SUSPENSION INJECTABLE
ZINNAT;500;COMPRIME PELLICULE
NITRODERM TTS 10;10;DISPOSITIF TRANSDERMIQUE
LARGACTIL;25;COMPRIME PELLICULE SECABLE
AZIMAX;200;POUDRE POUR SUSPENSION BUVABLE
TRESORIX;1.5;GELULE
ASTAPH;500;POUDRE ET SOLVANT POUR SOLUTION INJECTABLE
SIFROL 0.26 MG;0.26;COMPRIME LP
SOUFRANE 2 %;2;SOLUTION POUR PULVERISATION NASALE
VFEND;200;COMPRIME ENROBE
SAIZEN CLICKEAZY;8;POUDRE POUR SOLUTION INJECTABLE
SAIZEN CLICKEAZY;8;POUDRE POUR SOLUTION INJECTABLE
EQUANIL;400;COMPRIME ENROBE
FLUCONAZOLE GT;2;SOLUTION POUR PERFUSION
PHARMAFLAM;100;SUPPOSITOIRE
PRASTENOR 40MG;40;COMPRIME SECABLE
VENTOLINE;2;COMPRIME
VINCRISTINE COOPER;1;SOLUTION INJECTABLE
VINCRISTINE COOPER;1;SOLUTION INJECTABLE
COMBANTRIN;125;COMPRIME
GEPRID;3;COMPRIME
GEPRID;3;COMPRIME
ANTI-HEMORROÏDAIRE POMMADE;500 / 500;POMMADE RECTALE
CYCLO 3;640 / 800;CREME
GRAN 34 MUI;33.6;POUDRE POUR SOLUTION INJECTABLE
TOPIRAMATE GT 100 MG;100;COMPRIME PELLICULE
STADIAR;2;GELULE
VIDEX;100;COMPRIME A CROQUER OU DISPERSIBLE
URBANYL;10;COMPRIME SECABLE
STARMOX;1;COMPRIME DISPERSIBLE
ANGIMOLE 75 MG;75;COMPRIME DRAGEIFIE
CORALAN;7.5;COMPRIME PELLICULE
HYZAAR;50 / 12.5;COMPRIME ENROBE
MALTOFER;1;SOLUTION BUVABLE
ZINACEF;750;POUDRE POUR SOLUTION INJECTABLE
AUGMENTIN;500 / 125;COMPRIME PELLICULE
MIFLASONE;200;GELULE INHALEE
SUPPOSEDAL PARACETAMOL ADULTE;500 / 40 / 40 / 20;SUPPOSITOIRE
ACNO 30 MG;31.50;CAPSULE MOLLE
ACNO 30 MG;31.50;CAPSULE MOLLE
CLAMOXYL;1;POUDRE POUR SOLUTION INJECTABLE
ARANESP 80 µG;80;SOLUTION INJECTABLE
TRIFENE;200;COMPRIME PELLICULE
DEFLAZACORTE GT 6 MG;6;COMPRIME SECABLE
ZOTROL;100;COMPRIME SECABLE
AXIMYCINE;250;POUDRE POUR SOLUTION INJECTABLE
DOLIPRANE;1;COMPRIME EFFERVESCENT
LACRYVISC;0.3;GEL OPHTALMIQUE
CETAXON;1;POUDRE POUR SOLUTION INJECTABLE
CETAXON;1;POUDRE POUR SOLUTION INJECTABLE
VOLTARENE EMULGEL;1;GEL
REBETOL;200;GELULE
VOMISTOP 10 MG;10;SUPPOSITOIRE
LEVITRA;10;COMPRIME PELLICULE
XENICAL;120;GELULE
ODIA;2;COMPRIME
VIRAFERONPEG 120 µG;120;POUDRE ET SOLVANT POUR SOLUTION INJECTABLE
BIPRETERAX ARGININE 10 MG/2.5 MG;6.79/2.50;COMPRIME PELLICULE
RETISOL-A;0.01;CREME
KEFOTAX IM;1;POUDRE POUR SOLUTION INJECTABLE
CLAMOXYL;500;POUDRE POUR SUSPENSION BUVABLE
ISOPRINOSINE;500;COMPRIME SECABLE
STEDIRIL;0.5 / 0.05;COMPRIME ENROBE
GENTAGAM 10;10;SOLUTION INJECTABLE
ARGENT COLLOIDAL 5%;5;POMMADE
KARDEGIC;300;POUDRE POUR SOLUTION BUVABLE
CALPOL SIX PLUS;250;SUSPENSION BUVABLE
BUCCOSEPT;0.12;SOLUTION POUR BAIN DE BOUCHE
MIDAZOLAM AGUETTANT 5 MG/ML;5;SOLUTION INJECTABLE
MENCEVAX ACWY;;PREPARATION INJECTABLE
ENTERAL;220;SUSPENSION BUVABLE
METHOTREXATE MYLAN;500;SOLUTION INJECTABLE
KLARCINE 250 MG;250;COMPRIME ENROBE
KLARCINE 250 MG;250;COMPRIME ENROBE
CARTEOL;2;COLLYRE
CHOLESTIN 40 MG;40;COMPRIME SECABLE
ARANESP 80 µG;80;SOLUTION INJECTABLE
GLYCAN 850 RETARD;850;COMPRIME ENROBE LP
ALGIK;500 / 50;POUDRE POUR SOLUTION BUVABLE
CIPROFLOXACINE GT;200;SOLUTION POUR PERFUSION
STRUCTUM;500;GELULE
MYCOFLU;150;GELULE
XYZALL;5;COMPRIME PELLICULE
GLUCOSE 5% LAPROPHAN;5;SOLUTION POUR PERFUSION
SERC;8;COMPRIME
FLUZOFT;20;GELULE
NAVELBINE;50;SOLUTION INJECTABLE
DERMOVAL;0.05;GEL
HIBOR 10000 UI ANTI XA;10000;SOLUTION INJECTABLE
ISOTREX;0.05;GEL
LIORESAL;10;COMPRIME SECABLE
MODINE;30;COMPRIME ENROBE
HUMALOG KWIK PEN;100;SOLUTION INJECTABLE
CUTIVATE;5;POMMADE
ATRICAN;250;CAPSULE MOLLE GASTRO-RESISTANTE
ACEPRIL;4;COMPRIME
ACEPRIL;4;COMPRIME
MAZAX 500 MG;500;COMPRIME PELLICULE
CLIACIL;1.2;COMPRIME SECABLE
CLIACIL;1.2;COMPRIME SECABLE
FLOXAPEN;125;POUDRE POUR SUSPENSION BUVABLE
APROVEL;300;COMPRIME PELLICULE
CURACNE;40;CAPSULE MOLLE
CURACNE;40;CAPSULE MOLLE
FLUOXET;20;GELULE
ARIXTRA 10 MG/0.8 ML;10;SOLUTION INJECTABLE
ADRIBLASTINE RD;50;LYOPHILISAT POUR PERFUSION
ELOXATINE 5 MG/ML;100;POUDRE POUR SOLUTION POUR PERFUSION
IMUSPORIN;50;CAPSULE MOLLE
NIDAZOL;250;COMPRIME
MYCOSIL;0.3;SOLUTION POUR APPLICATION LOCALE
MELOXAM 7.5 MG PROMOPHARM;7.5;COMPRIME
AVT;500 / 20;COMPRIME
AULCER 20 MG;20;GELULE
EXOSEPTOPLIX;125;SOLUTION POUR APPLICATION LOCALE
TRITAZIDE 10MG / 12.5MG;10 / 12.5;COMPRIME SECABLE
CARDINOR;6.25;COMPRIME
CARDINOR;6.25;COMPRIME
VOLTARENE 100 MG;100;SUPPOSITOIRE
VOLTARENE 100 MG;100;SUPPOSITOIRE
DOBUTAMINE AGUETTANT 250MG/20ML;250;SOLUTION A DILUER POUR PERFUSION
AMEP 5;5;COMPRIME
MOPRAL;20;GELULE
VIRACEPT;50;POUDRE ORALE
DIPROLENE 0.05%;0.05;CREME
AVELOX;400;COMPRIME ENROBE
CODETUX AD;140;SIROP
STIEVAMYCINE;0.03 / 4;GEL
METHOTREXATE BELLON;5;SOLUTION INJECTABLE
PHOSPHALUGEL;12.38;GEL ORAL
HISTANORM;5;SIROP
DIASTAB;80;COMPRIME SECABLE
DIASTAB;80;COMPRIME SECABLE
NOLVADEX;20;COMPRIME ENROBE
PRIMPERAN;0.26;SOLUTION POUR GOUTTES BUVABLES
MEXINE 250 MG;250;COMPRIME PELLICULE
IMMUNOGLOBULINE NORMALE IV-LFB-CNTS 50 MG/ML;5;POUDRE POUR SOLUTION POUR PERFUSION
BRUMIXOL;1;CREME
COSOPT;20 / 5;COLLYRE
DIERGO SPRAY;4;SOLUTION POUR PULVERISATION NASALE
NEUPOGEN;30;SOLUTION INJECTABLE
PURINETHOL;50;COMPRIME SECABLE
ACETATE SLF117;;SOLUTE CONCENTRE
FRAXIPARINE;2850;SOLUTION INJECTABLE
FLODIL;5;COMPRIME LP
VALSARTAN WIN 80 MG;80;COMPRIME PELLICULE SECABLE
HEPSERA;10;COMPRIME
HEPSERA;10;COMPRIME
EFFORTIL;0.75;SOLUTION POUR GOUTTES BUVABLES
ALTRACART II 1000G;1000;POUDRE POUR CONCENTRE POUR HEMODIALYSE
ADIZEM;120;GELULE LP
ZADRYL;10;COMPRIME ENROBE SECABLE
INEGY 10MG/20MG;20 / 10;COMPRIME
DIFENAC;100;SUPPOSITOIRE
ROXAM;20;GELULE
APROVEL;300;COMPRIME PELLICULE
TARCEVA 100 MG;100;COMPRIME PELLICULE
TARCEVA 100 MG;100;COMPRIME PELLICULE
PIASCLEDINE;300;GELULE
MILLIGYNON;0.6;COMPRIME
AMOXICILLINE LLORENTE;500;GELULE
DIAPHARM;10;SOLUTION INJECTABLE
ACUILIX;20 / 12.5;COMPRIME PELLICULE SECABLE
ENBREL 25MG;25;SOLUTION INJECTABLE
ENBREL 25MG;25;SOLUTION INJECTABLE
DIOVENOR;600;COMPRIME PELLICULE
METHYLPREDNISOLONE MYLAN;20;POUDRE POUR SOLUTION INJECTABLE
CHLORAMPHENICOL LAPROPHAN;250;COMPRIME DRAGEIFIE
FAZOL;2;CREME
VASTAREL;20;SOLUTION BUVABLE
VIRACEPT;250;COMPRIME PELLICULE
LIDOCAINE 2% VISQUEUSE LAPROPHAN;2;GEL BUCCAL
AZOLE 4%;4;SUSPENSION BUVABLE
PILO 2;2;COLLYRE
NUPENTIN;300;GELULE
XENICAL;120;GELULE
ALGICON;5 / 2.8;SUSPENSION BUVABLE
LYRICA;150;GELULE
HISTANORM;5;SIROP
PLAVIX;75;COMPRIME PELLICULE
UFT;100 / 224;GELULE
SULFOBACTIN;250;COMPRIME
PACLITAXEL COOPER;30;SOLUTION A DILUER POUR PERFUSION
PONSTYL;500;COMPRIME
FEBREX ENFANT;0.010 / 0.280 / 0.100;GRANULE POUR SOLUTION BUVABLE
ETOPOSIDE COOPER;50;CAPSULE
ETOPOSIDE COOPER;50;CAPSULE
UFT;100 / 224;GELULE
ATENOR;100;COMPRIME SECABLE
CEROXIM;500;COMPRIME
ALZOLE;20;GELULE
ELEBLOC;1;COLLYRE
ELEBLOC;1;COLLYRE
ATROPINE PROMOPHARM 0,50 MG;0.5;SOLUTION INJECTABLE
DOCETAXEL HOSPIRA 10 MG/ML;160;SOLUTION A DILUER POUR PERFUSION
RANIMAT;300;COMPRIME
NEUTRAL;400 / 400;COMPRIME A CROQUER
LEXOMIL;6;COMPRIME QUADRISECABLE
LIFONGID;250;COMPRIME
LIFONGID;250;COMPRIME
PHARMACRISTINE 1 MG/ML;1;SOLUTION INJECTABLE
HOMEOPLASMINE;;POMMADE
PANADOL;125;SUPPOSITOIRE
EAU P.P.I.;5;SOLVANT POUR PEPARATION INJECTABLE
ANCINE PLUS 50MG/12.5MG;50 / 12.5;COMPRIME PELLICULE
RANITIL;300;COMPRIME PELLICULE
NETROMICINE;150;SOLUTION INJECTABLE
HEXAPNEUMINE;;COMPRIME
FLOGENCYL;1.5;GEL GINGIVAL
ROFERON-A;9;PREPARATION INJECTABLE
CETAMYL;125;SUPPOSITOIRE
MICARDIS PLUS;80 / 12.5;COMPRIME
SYMBICORT TURBUHALER;400 / 12;POUDRE POUR INHALATION
MEDROL;16;COMPRIME SECABLE
REMERON 30;30;COMPRIME ENROBE SECABLE
TRAMIUM 100 MG;100;GELULE LP
LOMET;30;GELULE
CURTEC;1;SOLUTION BUVABLE
ZOCOR;20;COMPRIME ENROBE SECABLE
DIPROSALIC;15 / 600;LOTION
ENALAPRIL /HCTZ GT;20 / 12.5;COMPRIME SECABLE
NOOTROPYL;800;COMPRIME PELLICULE
NIVAQUINE;100;COMPRIME SECABLE
DIURIMAT;2.5;COMPRIME
TEGUMA;1;CREME
TEGUMA;1;CREME
AXIMYCINE;250;COMPRIME DISPERSIBLE
ENTERAL;200;GELULE
NEORAL;100;CAPSULE MOLLE
LEVITRA;20;COMPRIME PELLICULE
ACTONEL;5;COMPRIME PELLICULE
AVANDIA;8;COMPRIME PELLICULE
FUMAFER;66;COMPRIME PELLICULE
ZOVIRAX;200;COMPRIME
ARACYTINE;100;POUDRE POUR SOLUTION INJECTABLE
TOTAPEN;250;POUDRE POUR SOLUTION INJECTABLE
DOXINE;200;COMPRIME ENROBE
KONAKION MM;10;SOLUTION BUVABLE ET INJECTABLE
TAMOXIFENE GT 20 MG;20;COMPRIME
PERCUTALGINE;0.5 / 85;SOLUTION POUR APPLICATION LOCALE
XANAX;0.5;COMPRIME SECABLE
DOGMATIL;100;SOLUTION INJECTABLE
UN-ALFA 0,25 µG;0.25;CAPSULE
UN-ALFA 0,25 µG;0.25;CAPSULE
FENAC PROMOPHARM;1;GEL
CINABAC;250;COMPRIME PELLICULE
CLAVAM;500 / 125;COMPRIME
CLAVAM;500 / 125;COMPRIME
ACNO 10 MG;10;CAPSULE MOLLE
MEDIZAPIN 2.5MG;2.5;COMPRIME PELLICULE
MEDIZAPIN 2.5MG;2.5;COMPRIME PELLICULE
EOSINE PHARMA;2;SOLUTION POUR APPLICATION LOCALE
RHINALLERGY;;COMPRIME A SUCER
HOMEOPATHIQUES UNITAIRES;;DOSE GLOBULE
STRATTERA 60 MG;60;GELULE
POLERY ENF.;29.6 / 1;SIROP
LORASEC;2;GELULE
ACTAPULGITE NOURRISSONS;1;POUDRE POUR SUSPENSION BUVABLE
ETOPOSIDE MYLAN;100;SOLUTION A DILUER POUR PERFUSION
ASTAPH;500;POUDRE POUR SUSPENSION BUVABLE
CLENIL FORTE;250;SOLUTION POUR INHALATION BUCCALE
HEMOPUR A1;;SOLUTION POUR HEMODIALYSE
FLUMYK;150;GELULE
ATEPADENE;30;GELULE
LASILIX SPECIAL;500;COMPRIME SECABLE
CONVERTAL;50;COMPRIME
ELVORINE;175;PREPARATION INJECTABLE
KEFOTAX;1;PREPARATION INJECTABLE
GLUCOPHAGE 850;850;COMPRIME PELLICULE
SURGAM;100;COMPRIME SECABLE
SICCAPROTECT;30 / 14;COLLYRE
ANDOL;1;COMPRIME EFFERVESCENT
PSYTRAL;50;COMPRIME PELLICULE
NORCURON;4;POUDRE POUR SOLUTION INJECTABLE
HIBOR 10000 UI ANTI XA;10000;SOLUTION INJECTABLE
HIBOR 7500 UI ANTI XA;7500;SOLUTION INJECTABLE
DAIVONEX;50;CREME
FELDENE FAST;20;COMPRIME SUBLINGUAL
BEVIRAN;100;COMPRIME ENROBE
HISTAZINE;50;SOLUTION INJECTABLE
HISTAZINE;50;SOLUTION INJECTABLE
SERETIDE;500 / 50;POUDRE POUR INHALATION
TOFRANIL;25;COMPRIME ENROBE
ESTRADERM;0.75;DISPOSITIF TRANSDERMIQUE
SIMVASTATINE WIN 20 MG;20;COMPRIME PELLICULE SECABLE
RIFASONE;0.25 / 1;POMMADE
ENDOXAN 500 MG;500;POUDRE POUR SOLUTION INJECTABLE IV
CHLORURE DE SODIUM 0.9%;0.9;SOLUTION POUR PERFUSION
AMLOR PLUS 10MG/10MG;10 / 10;COMPRIME PELLICULE
PULMOFLUIDE AD;2000 / 250;SOLUTION BUVABLE
FLUSKIN;2.7;GEL
RIMEVAX;;PREPARATION INJECTABLE
HOSTACYCLINE;500;COMPRIME
AZITHRIX;200;POUDRE POUR SUSPENSION BUVABLE
TERFINE 250 MG PROMOPHARM;250;COMPRIME
ERLUS 2.5MG/5ML;2.5;SIROP
COLLU-HEXTRIL;0.2;COLLUTOIRE
COLLU-HEXTRIL;0.2;COLLUTOIRE
HYDRALIN;432 / 882;POUDRE POUR SOLUTION GYNECOLOGIQUE
EFFIPRED;5;COMPRIME EFFERVESCENT
LACIPIL;4;COMPRIME ENROBE
RESINCALCIO;99.75;POUDRE POUR SUSPENSION BUVABLE
AMEP 5;5;COMPRIME
RHUFENE RHUME;200 /30;COMPRIME ENROBE
TAU-KIT TEST D HALEINE A L UREE -13C POU;100;COMPRIME
ODRIK;0.5;GELULE
FORENE (H);100;SOLUTION POUR INHALATION
LYRICA;100;GELULE
NEOCIP;250;COMPRIME PELLICULE
BLEOMYCINE BELLON;15;POUDRE POUR SOLUTION INJECTABLE
AUGMENTIN;500 / 125;POUDRE POUR SUSPENSION BUVABLE
CORTANCYL;5;COMPRIME SECABLE
AMLOR;5;COMPRIME
ALGOFENE 20 MG/ML;100;SUSPENSION BUVABLE
PROFLOX;250;COMPRIME ENROBE
PROFLOX;250;COMPRIME ENROBE
STATOR 20 MG;20;COMPRIME ENROBE
STATOR 20 MG;20;COMPRIME ENROBE
LOSARTAN GT;100;COMPRIME PELLICULE SECABLE
SIMVASTATINE WIN 40 MG;40;COMPRIME PELLICULE SECABLE
FUNGIZONE;50;POUDRE POUR SOLUTION INJECTABLE
INNOHEP 18 000 UI ANTI-XA/0,9 ML;20000;SOLUTION INJECTABLE
HEPARINE SODIQUE LEURQUIN;25000;SOLUTION INJECTABLE
AGIFENE;2;SUSPENSION BUVABLE
NEOCLAV 100 MG/12.5 MG/ ML NOURRISSON;100 / 12.5;POUDRE POUR SUSPENSION BUVABLE
MICARDIS;80;COMPRIME
MICARDIS;80;COMPRIME
TAREG;160;COMPRIME PELLICULE
FLUOCARIL BF 250;0.25;PATE DENTIFRICE
CACIT;1;COMPRIME EFFERVESCENT
ICIN 0.3 %;0.3;COLLYRE
RIACEN;1;CREME
ROMAC;300;COMPRIME SECABLE
GASTROP;200;COMPRIME
LOPRIL;50;COMPRIME SECABLE
CLOPRAME;20;SUPPOSITOIRE
GENTOSYL;160;SOLUTION INJECTABLE
FLOTRAL;10;COMPRIME LP
NICOPASS 1.5 MG SANS SUCRE MENTHE FRAICHEUR;1.5;PASTILLE A SUCER
TAVANIC;500;COMPRIME PELLICULE SECABLE
TAVANIC;500;COMPRIME PELLICULE SECABLE
PARGINE;5;SOLUTION BUVABLE
GLYCEMAT 30 MG LM;30;COMPRIME LM
TERFINE 250 MG PROMOPHARM;250;COMPRIME
FLUOCARIL BF 2000;2;GEL DENTIFRICE
CUSICROM;4;COLLYRE
NAPROSYNE;500;COMPRIME
NAPROSYNE;500;COMPRIME
PENAMOX;500;COMPRIME DISPERSIBLE
HEPT-A-MYL;187.8;COMPRIME
PROTOS;2;GRANULE POUR SUSPENSION BUVABLE
S-CITAP 10 MG;10;COMPRIME PELLICULE
CARVEDILOL GT;6.25;COMPRIME SECABLE
STRATTERA 10 MG;10;GELULE
CELESTENE;0.5;SOLUTION POUR GOUTTES BUVABLES
TRICEF IV;500;POUDRE POUR SOLUTION INJECTABLE
NOVALGINE;500;COMPRIME PELLICULE
NOVALGINE;500;COMPRIME PELLICULE
NOOTROPYL;1;SOLUTION INJECTABLE
ACETATE EM 138;;SOLUTE CONCENTRE
MUCOLATOR;200;GRANULE POUR SUSPENSION BUVABLE
MINULET;0.075 / 0.03;COMPRIME ENROBE
MORUPAR;;PREPARATION INJECTABLE
ZIACAINE 2 % SPECIALE;36;SOLUTION INJECTABLE POUR USAGE DENTAIRE
TOTAPEN;500;POUDRE POUR SOLUTION INJECTABLE
TRIFAX IM;1;POUDRE POUR SOLUTION INJECTABLE
NALGESIC;300;COMPRIME PELLICULE
NARCOZEP;1;SOLUTION A DILUER POUR SOLUTION INJECTABLE
DIFAL;75;SOLUTION INJECTABLE
LYRICA;25;GELULE
RABIPUR;;PREPARATION INJECTABLE
LUTENYL;5;COMPRIME SECABLE
TROPHIRES ADULTES;6.65 / 50;SIROP
EZETROL;10;COMPRIME
GLEMA;1;COMPRIME
IXOR;10;COMPRIME EFFERVESCENT
SEPTEAL;500;SOLUTION POUR APPLICATION LOCALE
KEFOTAX;1;POUDRE POUR SOLUTION INJECTABLE
BICARBONATE SLF244;;SOLUTE CONCENTRE
ERACID;250;COMPRIME PELLICULE
IXOR;20;COMPRIME EFFERVESCENT
GLUCOSE 5% LAPROPHAN;5;SOLUTION POUR PERFUSION
IKARAN LP;5;COMPRIME LP
NIMOTOP;10;SOLUTION POUR PERFUSION
ZAMOX;1 / 125;POUDRE POUR SUSPENSION BUVABLE
CATAFLAM;1.5;GOUTTES BUVABLES
CLARIL;250;COMPRIME
CIPROXINE;200;SOLUTION POUR PERFUSION
INTRALGIS SUSPENSION PEDIATRIQUE;2;SUSPENSION BUVABLE
CLOFENE;75;SOLUTION INJECTABLE
PROZAC;20;GELULE
DOXICAN;20;GELULE
AMOXICILLINE LLORENTE;250;POUDRE POUR SUSPENSION BUVABLE
TOPIRAMATE GT 200 MG;200;COMPRIME PELLICULE
BIPROL POLYMEDIC;10;COMPRIME PELLICULE SECABLE
BIPROL POLYMEDIC;10;COMPRIME PELLICULE SECABLE
IPOSEC;30;GELULE GASTRO-RESISTANTE
IPOSEC;30;GELULE GASTRO-RESISTANTE
DIGESTINE;16;GELULE
ALIMTA;100;POUDRE POUR SOLUTION POUR PERFUSION
TRIELLA;0.5 / 35;COMPRIME
ARAVA;100;COMPRIME PELLICULE
XENETIX 300;65.81;SOLUTION INJECTABLE
ZOFORA;20;SOLUTION INJECTABLE
VIBRA 200;200;COMPRIME
SEPTEAL;500;SOLUTION POUR APPLICATION LOCALE
VALEX 500 MG;500;COMPRIME ENROBE
VALEX 500 MG;500;COMPRIME ENROBE
DOLI PEDIATRIQUE;3;SOLUTION BUVABLE
AMIKACINE MYLAN;250;POUDRE POUR SOLUTION INJECTABLE
CEPLATIN;10;SOLUTION POUR PERFUSION
CLAVAM;500 / 125;POUDRE POUR SUSPENSION BUVABLE
CLAVAM;500 / 125;POUDRE POUR SUSPENSION BUVABLE
KONAKION MM PAEDIATRIC;2;SOLUTION BUVABLE ET INJECTABLE
INNOHEP 2500 UI ANTI-XA/0,25 ML;2500;SOLUTION INJECTABLE
ORELOX;100;COMPRIME PELLICULE
UTEPLEX;2 / 2;SOLUTION BUVABLE
RECORMON;5000;PREPARATION INJECTABLE
ASTAPH;125;POUDRE POUR SUSPENSION BUVABLE
GLUCOPHAGE 1000;1000;COMPRIME PELLICULE
DOLOSTOP;500;COMPRIME
VERMOX;100;COMPRIME
BICARBONATE SLF92;;SOLUTE CONCENTRE
ZYRTEC;10;COMPRIME PELLICULE SECABLE
INSULET RAPIDE;100;SOLUTION INJECTABLE
FACTEUR VIII DE COAGULATION HUMAIN-CNTS 100 UI/ML;500;POUDRE ET SOLVANT POUR SOLUTION INJECTABLE
EXTENCILLINE;1.2;POUDRE POUR SUSPENSION INJECTABLE
BETADINE;10;SOLUTION POUR APPLICATION LOCALE
AXIMYCINE;500;GELULE
DOLIRHUME;500 / 300;COMPRIME
INIPOMP;40;COMPRIME ENROBE GASTRO-RESISTANT
AXIMYCINE;1;COMPRIME DISPERSIBLE
LOCAPRED;0.1;CREME
DILOVAC;25;COMPRIME SECABLE
AMOXIL;125;POUDRE POUR SUSPENSION BUVABLE
ROFERON-A;6;PREPARATION INJECTABLE
INALAP 20 MG;20;COMPRIME
MEXINE 500 MG;500;COMPRIME PELLICULE
MEXINE 750 MG;750;COMPRIME PELLICULE
TOPIRAMATE GT 200 MG;200;COMPRIME PELLICULE
PREVENAR;;SUSPENSION INJECTABLE
PREVENAR;;SUSPENSION INJECTABLE
GEPRID;4;COMPRIME
GEPRID;4;COMPRIME
RECORMON;30000;SOLUTION INJECTABLE
RECORMON;30000;SOLUTION INJECTABLE
OLICLINOMEL N6-900E;;SOLUTION ET EMULSION POUR PERFUSION
OLICLINOMEL N6-900E;;SOLUTION ET EMULSION POUR PERFUSION
GEPRID;1;COMPRIME
GEPRID;1;COMPRIME
OXALIPLATINE WIN 5 MG/ML;50;POUDRE POUR SOLUTION POUR PERFUSION
RHEUMON;10;CREME
NOVANTRONE;25;SOLUTION POUR PERFUSION
APAZIDE;4;SUSPENSION BUVABLE
RAPIFEN (H);5;SOLUTION INJECTABLE
PENTASA;1;SUPPOSITOIRE
DERMOFIX;2;SOLUTION POUR APPLICATION LOCALE
DORMICUM;5;SOLUTION INJECTABLE
DORMICUM;5;SOLUTION INJECTABLE
BROMAX;30;SIROP
EFITAC;300;COMPRIME EFFERVESCENT
EFITAC;300;COMPRIME EFFERVESCENT
MEGASFON 80 MG;80;COMPRIME ORODISPERSIBLE
PIMLO 5MG;5;COMPRIME
THIAM;500;COMPRIME
THIAM;500;COMPRIME
BIPRETERAX;1.25 / 4;COMPRIME
BOLINAN;2;COMPRIME SECABLE
MUCOCIL AD;5;SOLUTION BUVABLE
TROPHIRES COMPOSE ADULTES;110 / 450;SUPPOSITOIRE
SIFROL 0.52 MG;0.52;COMPRIME LP
COZAAR;100;COMPRIME PELLICULE
MIRCERA 75 µG/0.3 ML;75;SOLUTION INJECTABLE
IMATEC;100;GELULE
TIM-87 0,5 %;0.5;COLLYRE
LEVAMOX;1 / 125;COMPRIME EFFERVESCENT
NEUTRAL;400 / 400;COMPRIME A CROQUER
CLOPRAME;10;SOLUTION INJECTABLE
ARICEPT;5;COMPRIME
PENAMOX;1;COMPRIME DISPERSIBLE
DICLOBERL;100;COMPRIME
DOXICAN;20;GELULE
GENTAMICINE LLORENTE;80;SOLUTION INJECTABLE
PROTON;20;GELULE
PROTON;20;GELULE
AMCARD;5;COMPRIME
ARIXTRA 7.5 MG/0.6 ML;7.5;SOLUTION INJECTABLE
OXIDEN;20;GELULE
ETOPOSIDE EBEWE;20;SOLUTION A DILUER POUR PERFUSION
VENULA 200MG;200;GELULE
VENULA 200MG;200;GELULE
LEVOFLOXACINE GT;500;COMPRIME PELLICULE
DOLAMINE;400 / 25;COMPRIME SECABLE
GLURENOR;30;COMPRIME SECABLE
ADRENALINE 0,50 MG;0.5;SOLUTION INJECTABLE
ICAZ LP;2.5;GELULE LP
FLOXIMAT;200;COMPRIME ENROBE
FLOXIMAT;200;COMPRIME ENROBE
ZILDAM;20;GELULE
WELLBUTRIN XR 150 MG;150;COMPRIME PELLICULE LM
WELLBUTRIN XR 150 MG;150;COMPRIME PELLICULE LM
CARBOXYL;2;SIROP
ACETATE SLF 86;;SOLUTE CONCENTRE
OEDES 40MG;40;LYOPHILISAT POUR SOLUTION INJECTABLE
CO-TRIM;200 / 40;SUSPENSION BUVABLE
METHERGIN;0.2;SOLUTION INJECTABLE
ESTRAPATCH 40 µG/24 HEURES;1.25;DISPOSITIF TRANSDERMIQUE
STALEVO 100/25/200 MG;200 / 100 / 27.50;COMPRIME PELLICULE
STALEVO 100/25/200 MG;200 / 100 / 27.50;COMPRIME PELLICULE
AVD VIT B1 C DEROL ADULTE;400 / 2;COMPRIME
VOMISTOP 20 MG;20;SUPPOSITOIRE
ORUVAIL;200;GELULE LP
AMODEX;500;GELULE
SKINOSONE;0.05;POMMADE
CLOPRAME;0.1;SOLUTION BUVABLE
SPASMOPAN;10;COMPRIME ENROBE
CARDENSIEL;5;COMPRIME PELLICULE SECABLE
FUCITHALMIC;1;GEL OPHTALMIQUE
FUCITHALMIC;1;GEL OPHTALMIQUE
TIAFLAM 100MG;100;COMPRIME
TIAFLAM 100MG;100;COMPRIME
EXFORGE 5 MG /160 MG;5 / 160;COMPRIME PELLICULE
ESAC 40MG;40;GELULE
ESAC 40MG;40;GELULE
CEFTRIAXONE MYLAN IM 500 MG/2 ML;500;POUDRE POUR SOLUTION INJECTABLE
DOLIPRANE;300;SUPPOSITOIRE
CATEX;500;COMPRIME PELLICULE
CATEX;500;COMPRIME PELLICULE
CEFOTRIM;250;POUDRE POUR SOLUTION INJECTABLE
TOPIRAMATE GT 100 MG;100;COMPRIME PELLICULE
SUPANGINE;200 / 80;SUPPOSITOIRE
GENTAGAM 80;80;SOLUTION INJECTABLE
TRINOMYC;2;SOLUTION POUR PERFUSION
ENALAPRIL /HCTZ GT;20 / 12.5;COMPRIME SECABLE
MEDIZAPIN;10;COMPRIME PELLICULE
PECTRYL;40 / 4;SIROP
HICONCIL;125;POUDRE POUR SUSPENSION BUVABLE
BISOLVOMYCINE;250 / 4;COMPRIME DRAGEIFIE
TAFEN;10;COMPRIME
TRIFAX IV;1;POUDRE POUR SOLUTION INJECTABLE
CLAMOXYL;500;POUDRE POUR SOLUTION INJECTABLE
NURAVIT;0.08 / 0.012;SIROP
PRASTENOR 20MG;20;COMPRIME SECABLE
XERIUM 20 MG;20;COMPRIME SECABLE
STRATTERA 10 MG;10;GELULE
FLAGYL;500;COMPRIME PELLICULE
DOTAREM;0.5;SOLUTION INJECTABLE
CATALGINE ADULTE;1;POUDRE POUR SOLUTION BUVABLE
APIDRA;100;SOLUTION INJECTABLE
CIPROXINE;500;COMPRIME ENROBE SECABLE
TRIATEC;5;COMPRIME SECABLE
AZANTAC;150;COMPRIME EFFERVESCENT
INEGY 10MG/40MG;40 / 10;COMPRIME
SODRIX LP 1.5MG;1.5;COMPRIME PELLICULE LP
SODRIX LP 1.5MG;1.5;COMPRIME PELLICULE LP
EXFORGE 5 MG /160 MG;5 / 160;COMPRIME PELLICULE
TAREG;160;COMPRIME PELLICULE
MARVIL;10;COMPRIME
MARVIL;10;COMPRIME
RENITEC;5;COMPRIME SECABLE
CARDINOR;25;COMPRIME
CARDINOR;25;COMPRIME
PROCTO GLYVENOL;400 / 40;SUPPOSITOIRE
NOVOCLIN;250 / 31.25;POUDRE POUR SUSPENSION BUVABLE
DOXICAN;20;SUPPOSITOIRE
COTAREG;160 / 12.5;COMPRIME PELLICULE
GENTAMICINE LLORENTE;40;SOLUTION INJECTABLE
COLOPATHIL;1.5;POUDRE POUR SUSPENSION BUVABLE
CARDENSIEL 10 MG;10;COMPRIME PELLICULE SECABLE
NITROGLICERINE PH&T 25MG/5ML;5;SOLUTION INJECTABLE POUR PERFUSION
NITROGLICERINE PH&T 25MG/5ML;5;SOLUTION INJECTABLE POUR PERFUSION
CURTEC;10;COMPRIME PELLICULE
BELMAZOL 20MG;20;GELULE
XENID;75;SOLUTION INJECTABLE
SARGENOR;1;SOLUTION BUVABLE
RINGER LACTATE SOTHEMA;0.6 / 0.04;SOLUTION POUR PERFUSION
BIOTIC PLUS;250 / 62.5;POUDRE POUR SUSPENSION BUVABLE
MAZAX 300 MG;300;POUDRE POUR SUSPENSION BUVABLE
DI-ANTALVIC;400 / 30;GELULE
TRICHOGIN;500;COMPRIME
MAXIPENE;2;SUSPENSION BUVABLE
SANDIMMUN;100;SOLUTION BUVABLE
SOLICAM;10;GELULE
RIACEN;20;SUPPOSITOIRE
IMIDAZOL;150;GELULE
EAU P.P.I.;10;SOLVANT POUR PEPARATION INJECTABLE
DEBRIDAT;200;COMPRIME PELLICULE
LANTUS;100;SOLUTION INJECTABLE LP
REGULAX;3.5;POUDRE POUR SUSPENSION BUVABLE
ZOTROL;100;COMPRIME SECABLE
ALPHA KADOL POMMADE;2500000 / 5;POMMADE
AMAREL;1;COMPRIME
EPREX;2000;SOLUTION INJECTABLE
VITA C 1000 SANS SUCRE;1;COMPRIME EFFERVESCENT
ATROVENT;0.25;SOLUTION POUR INHALATION PAR NEBULISEUR
ATROVENT;0.25;SOLUTION POUR INHALATION PAR NEBULISEUR
CO-OLMETEC;20 / 25;COMPRIME PELLICULE
CO-OLMETEC;20 / 25;COMPRIME PELLICULE
GLUCONATE DE CALCIUM 10 % PROAMP;10;SOLUTION INJECTABLE
TYSABRI 300MG;20;SOLUTION A DILUER POUR PERFUSION
TYSABRI 300MG;20;SOLUTION A DILUER POUR PERFUSION
MYCOSTER;1;CREME
BRICANYL TURBUHALER;500;POUDRE POUR INHALATION
INSULET MIX 30;100;SUSPENSION INJECTABLE INTERMEDIAIRE
CALCIFIX VIT D3;500 / 400;COMPRIME A CROQUER
TRETACNE;10;CAPSULE MOLLE
ZINNAT;750;POUDRE POUR SOLUTION INJECTABLE
UTROGESTAN;100;CAPSULE MOLLE ORALE OU VAGINALE
UTROGESTAN;100;CAPSULE MOLLE ORALE OU VAGINALE
ARIXTRA 5 MG/0.4 ML;5;SOLUTION INJECTABLE
CALPOL;120;SUSPENSION BUVABLE
JOSACINE ENFANT;250;GRANULE POUR SUSPENSION BUVABLE
ADO 1000MG;1000;COMPRIME PELLICULE
GLUCOR;100;COMPRIME SECABLE
IBEFLOX;200;COMPRIME
GLUCOSE 5% SOTHEMA;5;SOLUTION POUR PERFUSION
ROVAMYCINE;0.375;SIROP
SCANDICAINE 2 % SPECIALE;36;SOLUTION INJECTABLE POUR USAGE DENTAIRE
CLOMITER;1;CREME
HYDERGINE;1;SOLUTION POUR GOUTTES BUVABLES
VIRAFERONPEG 150 µG;150;POUDRE ET SOLVANT POUR SOLUTION INJECTABLE
PNEUMOCCID;1;COMPRIME
FELDENE;10;GELULE
PAXIL CR 25 MG;25;COMPRIME PELLICULE
PAXIL CR 25 MG;25;COMPRIME PELLICULE
PARANTAL;2.4;SUSPENSION BUVABLE
TUSSIFED;2.5 / 30;COMPRIME SECABLE
BIPEN 1 M;1;POUDRE POUR PREPARATION INJECTABLE
DIFFERINE;0.1;GEL
FLEXEN;50;CAPSULE MOLLE
VOLTARENE 0.1%;1;COLLYRE
TERIX;250;COMPRIME
TERIX;250;COMPRIME
GONAL-F 450 UI;450;POUDRE POUR SOLUTION INJECTABLE
GONAL-F 450 UI;450;POUDRE POUR SOLUTION INJECTABLE
CIBACEN;5;COMPRIME PELLICULE SECABLE
BUTOVENT;100;SUSPENSION POUR INHALATION BUCCALE
NORDAZ 7,5 MG;7.5;COMPRIME SECABLE
VERMOX;100;SUSPENSION BUVABLE
TILCOTIL;20;COMPRIME PELLICULE SECABLE
CORALAN;5;COMPRIME PELLICULE SECABLE
OTIPAX;0.64 / 0.16;SOLUTION POUR GOUTTE AURICULAIRE
ARTHROL LINIMENT;10 / 2;SOLUTION POUR APPLICATION LOCALE
NOVALGINE;2.5;SOLUTION INJECTABLE
NOVALGINE;2.5;SOLUTION INJECTABLE
CEFOTRIM;1;POUDRE POUR SOLUTION INJECTABLE
OFLOCET;200;COMPRIME PELLICULE SECABLE
OFLOCET;200;COMPRIME PELLICULE SECABLE
DESTEC 0.5 MG/ML;2.5;SIROP
TRE-ZEN 20 MG;20;COMPRIME SECABLE
PLATAMINE;50;SOLUTION POUR PERFUSION
AVAXIM;160;SUSPENSION INJECTABLE
REQUIP 5 MG;5;COMPRIME PELLICULE
OXALISIN 5 MG/ML;50;SOLUTION A DILUER POUR PERFUSION
YOMESANE 500 MG;500;COMPRIME A CROQUER
XYLOCAINE 5% NEBULISEUR;5;SOLUTION POUR INHALATION
METFORMINE WIN 1000 MG;1000;COMPRIME PELLICULE SECABLE
METFORMINE WIN 1000 MG;1000;COMPRIME PELLICULE SECABLE
NOVOMIX 30 FLEXPEN;100;SUSPENSION INJECTABLE INTERMEDIAIRE
ERLUS 2.5MG/5ML;2.5;SIROP
FLUOXET;20;GELULE
CAELYX 2MG/ML;1.87;SOLUTION A DILUER POUR PERFUSION
ULCESTOP;400;COMPRIME DISPERSIBLE
MOTILIUM;10;COMPRIME PELLICULE
NEUTRAL;4.22 / 5;SUSPENSION BUVABLE
FORTAIR;12;POUDRE POUR INHALATION
NOMYC;150;GELULE
NOMYC;150;GELULE
CLORACEF;250;GRANULE POUR SUSPENSION BUVABLE
KALEST;20;GELULE
KALEST;20;GELULE
KOGENATE 1000 UI;1000;POUDRE POUR SOLUTION INJECTABLE
NEOMOX;125;POUDRE POUR SUSPENSION BUVABLE
MINIRIN SPRAY;10;SOLUTION ENDONASALE
BACTRIM FORT;800 / 160;COMPRIME SECABLE
CLIMASTON;2 / 10;COMPRIME PELLICULE
STEDIRIL;0.5 / 0.05;COMPRIME ENROBE
SOCLAV ENFANT;500 / 62.5;POUDRE POUR SUSPENSION BUVABLE
MONONITRIL;20;COMPRIME SECABLE
KEPPRA 500 MG;500;COMPRIME PELLICULE
TRIACEPHINE PHARMA5 I.M;1;POUDRE POUR SOLUTION INJECTABLE
VOTRIENT 200 MG;200;COMPRIME PELLICULE
NURABOL;4;SIROP
ACIDE GLUCOSE SLF264;;SOLUTE CONCENTRE
MADECASSOL;1;POMMADE
AMCARD;10;COMPRIME
XYTENOL;100;COMPRIME SECABLE
ELVORINE;50;PREPARATION INJECTABLE
METHYLPREDNISOLONE MYLAN;500;POUDRE POUR SOLUTION INJECTABLE IV
D-BLASTIN;20;POUDRE POUR PERFUSION
DOPEZIL RANBAXY;10;POUDRE POUR SUSPENSION INJECTABLE
VIRAFERON PEG;50;POUDRE POUR SOLUTION INJECTABLE
BRONCHATHIOL ADULTE;5;SOLUTION BUVABLE
KEPPRA;500;COMPRIME PELLICULE SECABLE
ORACEFAL;250;POUDRE POUR SUSPENSION BUVABLE
DENORAL ADULTE;9 / 33.75;SIROP
DENORAL ADULTE;9 / 33.75;SIROP
CO-TRIM;400 / 80;COMPRIME
ZORAC;0.1;GEL
DIAMOX;250;COMPRIME SECABLE
NEOCORT;0.35 / 1;POMMADE
MALTOFER;1;SOLUTION BUVABLE
NEKAR;1;COMPRIME
HEXOMEDINE TRANSCUTANEE;;SOLUTION POUR APPLICATION LOCALE
ROUVAX;;LYOPHILISAT POUR SUSPENSION INJECTABLE
MENOPUR;75;POUDRE POUR SOLUTION INJECTABLE
ZOTROL;50;COMPRIME SECABLE
GLIPHARM;5;COMPRIME SECABLE
GLIPHARM;5;COMPRIME SECABLE
HICONCIL;500;GELULE
HOMEOPLASMINE;;POMMADE
DOGMATIL;200;COMPRIME SECABLE
LIOTON;1000;GEL
CILENTRA 10 MG;10;COMPRIME PELLICULE SECABLE
EUCARBON;;COMPRIME
EUCARBON;;COMPRIME
ARES;500;COMPRIME PELLICULE
SEPTANEST ADRENLINEE;72;SOLUTION INJECTABLE POUR USAGE DENTAIRE
CHLORURE DE SODIUM LAPROPHAN;0.9;SOLUTION POUR PERFUSION
ANXIOL;6;COMPRIME
ETOPOSIDE;100;SOLUTION A DILUER POUR PERFUSION
FOSTIMON 75 UI/ML;75;POUDRE ET SOLVANT POUR SOLUTION INJECTABLE
NOFLOXINE;400;COMPRIME ENROBE
DIF-TET-ALL VACCIN;;PREPARATION INJECTABLE
PRAZOL;20;GELULE
MUCOCIL ENF;2;SOLUTION BUVABLE
SURMONTIL;4;SOLUTION POUR GOUTTES BUVABLES
SURMONTIL;4;SOLUTION POUR GOUTTES BUVABLES
DIMAZOL;10;COMPRIME
DIMAZOL;10;COMPRIME
MODOPAR;200 / 50;GELULE
POTASSIUM CHLORURE;20;SOLUTION POUR PERFUSION
OFTALAR;0.1;COLLYRE
OFTALAR;0.1;COLLYRE
ROCMALINE;400 / 1.5;SOLUTION BUVABLE
FLIXONASE;50;SUSPENSION NASALE
TIAGAM;100;COMPRIME SECABLE
TIAGAM;100;COMPRIME SECABLE
MORPHINE;10;SOLUTION INJECTABLE
ETOPOSIDE COOPER;100;SOLUTION A DILUER POUR PERFUSION
ETOPOSIDE COOPER;100;SOLUTION A DILUER POUR PERFUSION
GLUCOVANCE;500 / 5;COMPRIME PELLICULE
TRIAXON;2;POUDRE POUR SOLUTION INJECTABLE
TRIAXON;2;POUDRE POUR SOLUTION INJECTABLE
ESAC 40 MG;40;GELULE
ESAC 40 MG;40;GELULE
ALER Z;10;COMPRIME PELLICULE
SPASMOPLUS;500 / 50;SUPPOSITOIRE
FENAC PROMOPHARM;100;SUPPOSITOIRE
COLOPATHIL;3;POUDRE POUR SUSPENSION BUVABLE
DIPROLENE 0.05%;0.05;POMMADE
MICROPHYLLINE;300;GELULE LP
ALLERGO-COMOD;20;COLLYRE
CAVERJECT;10;POUDRE POUR SOLUTION INJECTABLE
METOSPIR;1.5 / 250;COMPRIME DISPERSIBLE
CORTIVENT;250;SUSPENSION POUR INHALATION
CORTIVENT;250;SUSPENSION POUR INHALATION
PARAPLATINE;450;SOLUTION POUR PERFUSION
DIUREX;20;COMPRIME SECABLE
PARANTAL;125;SUPPOSITOIRE
PARANTAL;125;SUPPOSITOIRE
MAZAX 200 MG;200;POUDRE POUR SUSPENSION BUVABLE
MEXINE 500 MG;500;COMPRIME PELLICULE
LACRIFLUIDE 0,13 POUR CENT;0.13;COLLYRE
LACRIFLUIDE 0,13 POUR CENT;0.13;COLLYRE
BICARBONATE DE SODIUM LAPROPHAN;1.4;SOLUTION POUR PERFUSION
MAXAIR;200;SUSPENSION POUR INHALATION
MAXAIR;200;SUSPENSION POUR INHALATION
LIPIODOL;400;SOLUTION INJECTABLE
GABAMOX;300;GELULE
TOTAPEN;1;POUDRE POUR SOLUTION INJECTABLE
BICALUTAMIDE GT 150 MG;150;COMPRIME PELLICULE
BICALUTAMIDE GT 150 MG;150;COMPRIME PELLICULE
BRONCHOCIST ENFANTS;2;SOLUTION BUVABLE
BETNEVAL;0.1;POMMADE
DI-INDO 50 MG;50;COMPRIME DISPERSIBLE
CICLOVIRAL;800;COMPRIME
CICLOVIRAL;800;COMPRIME
UNIZITRO;500;COMPRIME PELLICULE
UNIZITRO;500;COMPRIME PELLICULE
TARMED;4;SHAMPOOING
BETAFERON 250 µG/ML;250;POUDRE POUR SOLUTION INJECTABLE
BETAFERON 250 µG/ML;250;POUDRE POUR SOLUTION INJECTABLE
VACCIN RABIQUE HDCV;;POUDRE POUR SUSPENSION INJECTABLE
CANAFLUCAN;150;GELULE
CANAFLUCAN;150;GELULE
CORANGIN;40;COMPRIME SECABLE LP
TOPAAL;400 / 60;SUSPENSION BUVABLE
HEXOMEDINE;;SOLUTION POUR APPLICATION LOCALE
BAITANET G;10;SOLUTION GYNECOLOGIQUE
HELICOCIN;750 / 500;COMPRIME PELLICULE
FLUMAX 8000 UI ANTI-XA/0.8ML;8000;SOLUTION INJECTABLE
SOCLAV ENFANT;500 / 62.5;POUDRE POUR SUSPENSION BUVABLE
SOCLAV ENFANT;500 / 62.5;POUDRE POUR SUSPENSION BUVABLE
TETRALYSAL 300MG;300;GELULE
SOLICAM;20;GELULE
FOSAMAX;70;COMPRIME
ACIDAC;300;COMPRIME ENROBE
ANTARENE;400;COMPRIME PELLICULE
LACRYPOS;3;COLLYRE
OPTICILLINE;500;POUDRE POUR USAGE PARENTERAL
DIAPHARM;10;SOLUTION INJECTABLE
MEDIZAPIN;5;COMPRIME PELLICULE
CARBOPLATINE MYLAN;50;SOLUTION POUR PERFUSION
ANTAGON H2;800;COMPRIME EFFERVESCENT
FUNGILYSE;1;CREME
UFT;100 / 224;GELULE
OXONE 500 MG/5ML IM;500;POUDRE POUR PREPARATION INJECTABLE
RINGER LACTATE LAPROPHAN;600 / 40;SOLUTION POUR PERFUSION
APIDRA SOLOSTAR;100;SOLUTION INJECTABLE
APIDRA SOLOSTAR;100;SOLUTION INJECTABLE
APROVEL;150;COMPRIME PELLICULE
INNOHEP 2500 UI ANTI-XA/0,25 ML;10000;SOLUTION INJECTABLE
THIOBACTIN;750;POUDRE POUR USAGE PARENTERAL
THIOBACTIN;750;POUDRE POUR USAGE PARENTERAL
OKA-PACLITAXEL;100;SOLUTION A DILUER POUR PERFUSION
BETADINE SCRUB;4;SOLUTION MOUSSANTE POUR APPLICATION LOCALE
TIAFLAM 100MG;100;COMPRIME
ULCEMAT;400;COMPRIME
COZAAR;50;COMPRIME ENROBE SECABLE
STAPHYPEN;250;POUDRE POUR SUSPENSION BUVABLE
ESAC 20 MG;20;GELULE
ESAC 20 MG;20;GELULE
THIOPENTAL;1;POUDRE POUR SOLUTION INJECTABLE
AVANDAMET;4 / 500;COMPRIME PELLICULE
AVANDAMET;4 / 500;COMPRIME PELLICULE
DERMOFIX;2;CREME
MERCILON;0.15 / 0.02;COMPRIME
NORADRENALINE AGUETTANT 8MG/4ML;8;SOLUTION A DILUER POUR PERFUSION
ELEBLOC;2;COLLYRE
ELEBLOC;2;COLLYRE
TRISEQUENS;2 / 1;COMPRIME PELLICULE
CLAMOXYL;1;COMPRIME DISPERSIBLE
NURODOL 400 MG;400;COMPRIME PELLICULE
JOSACINE;500;GRANULE POUR SUSPENSION BUVABLE
CISPLATINE COOPER;10;SOLUTION POUR PERFUSION
NIDAZOL;500;COMPRIME
HUMEX EXPECTORANT ADULTES;5;SIROP
NURODOL;100;SUSPENSION BUVABLE
NURODOL;100;SUSPENSION BUVABLE
NETROMICINE;50;SOLUTION INJECTABLE
OLIGO-ELEMENTS;;SOLUTION POUR PERFUSION
OLIGO-ELEMENTS;;SOLUTION POUR PERFUSION
FORTUM;1;POUDRE POUR SOLUTION INJECTABLE
IOPIDINE;0,5;COLLYRE
IOPIDINE;0,5;COLLYRE
PHARMATEX;18.9;OVULE
PLASMION;;SOLUTION POUR PERFUSION
OXONE 1G/10ML IV;1;POUDRE POUR PREPARATION INJECTABLE
CALMIXENE;18.182;SIROP
NEOFORTAN;160;COMPRIME EFFERVESCENT
CUSIMOLOL;0.25;COLLYRE
CUSIMOLOL;0.25;COLLYRE
MYANTALGIC;37.50 / 325;COMPRIME
MYANTALGIC;37.50 / 325;COMPRIME
HELMINTOX;125;SUSPENSION BUVABLE
TROPHIRES COMPOSE NOURRISSONS;44 / 150;SUPPOSITOIRE
METHOTREXATE BELLON (H);500;SOLUTION INJECTABLE
REBETOL;200;GELULE
TRAMADOL NORMON 50 MG;50;GELULE
AMUCHIN5% (AMUGYN);0.055 / 0.9;SOLUTION POUR APPLICATION LOCALE
FORTZAAR;100 / 25;COMPRIME PELLICULE
OKA-TAMOX;10;COMPRIME
VITATLON 500;250 / 281.3;COMPRIME A CROQUER
FLAGYL;500;SOLUTION POUR PERFUSION
FLUDARA;10;COMPRIME PELLICULE
FLUDARA;10;COMPRIME PELLICULE
RINOCLENIL 100 MCG;100;SUSPENSION NASALE
RINOCLENIL 100 MCG;100;SUSPENSION NASALE
QUINOLOX MONOPRISE;200;COMPRIME PELLICULE
THIOBACTIN;500;COMPRIME
STIMOL;1;SOLUTION BUVABLE
PIMLO 10 MG;10;COMPRIME
VANCOMYCINE MYLAN;250;POUDRE POUR PERFUSION
CANAFLUCAN;150;GELULE
CANAFLUCAN;150;GELULE
BRONCOTEC;12;GELULE INHALEE
ETOPOPHOS;100;POUDRE POUR PERFUSION
VERMOGAL;0.1 / 2.5;GEL
DIAMICRON LM;30;COMPRIME LM
TRIMAREL;20;SOLUTION BUVABLE
DOLIPRANE;500;GELULE
ACLAV;500 / 62.5;POUDRE POUR SUSPENTION BUVABLE
ACLAV;500 / 62.5;POUDRE POUR SUSPENTION BUVABLE
TOTIFEN;0.02;SOLUTION BUVABLE
AUGMENTIN;100 / 12.5;POUDRE POUR SUSPENSION BUVABLE
GENTALLINE;10;SOLUTION INJECTABLE
CYTEAL;0.5 / 0.1 / 0.3;SOLUTION MOUSSANTE POUR APPLICATION LOCALE
TRIAXON 500 MG I.M.;500;POUDRE POUR SOLUTION INJECTABLE
HEXABRIX;320;SOLUTION INJECTABLE
ACTIVAROL C 500;;SOLUTION BUVABLE
NAPROXENE PHARMA FORT;550;CAPSULE
EURONAC 5 POUR CENT;5;COLLYRE
EURONAC 5 POUR CENT;5;COLLYRE
STAPHYPEN;1;POUDRE POUR USAGE PARENTERAL
VIRAFERON PEG;80;POUDRE POUR SOLUTION INJECTABLE
DIDRONEL;400;COMPRIME
TEMESTA;1;COMPRIME SECABLE
SURMONTIL;25;COMPRIME SECABLE
SURMONTIL;25;COMPRIME SECABLE
SUPRADYNE PRONATAL;;COMPRIME ENROBE
SUPRADYNE PRONATAL;;COMPRIME ENROBE
DEFLAZACORTE GT 30 MG;30;COMPRIME SECABLE
ADIZEM;180;GELULE LP
QUINOLOX MONOPRISE;200;COMPRIME PELLICULE
AMOXIL;250;COMPRIME DISPERSIBLE
FRAGMIN;5000;SOLUTION INJECTABLE
LAEVOLAC;50;SOLUTION BUVABLE
ZANOCIN OD 400 MG;400;COMPRIME PELLICULE LP
ASPEGIC;500;POUDRE POUR SOLUTION BUVABLE
DOXORUBICINE COOPER;10;LYOPHILISAT POUR PERFUSION
DIAPHARM;5;COMPRIME
DICLO PHARMA 5;100;SUPPOSITOIRE
ROVAMYCINE;3;COMPRIME PELLICULE
ZYPREXA;10;COMPRIME PELLICULE
RISPERDAL ORO 0.5MG;0.5;COMPRIME ORODISPERSIBLE
NEOFORTAN;80;COMPRIME EFFERVESCENT
TARDYFERON B9;0.35 / 50;COMPRIME ENROBE
SOPHTAL;100 / 5;COLLYRE
OPTICILLINE;250;POUDRE POUR SUSPENSION BUVABLE
FUNGILYSE;100;OVULE
OLOXINE;200;COMPRIME PELLICULE
OLOXINE;200;COMPRIME PELLICULE
DEPAKINE;2;SOLUTION BUVABLE
SANDOSTATINE *;50;SOLUTION INJECTABLE
MEDIBRONC ENFANT;2;SOLUTION BUVABLE
TARCEVA 150 MG;150;COMPRIME PELLICULE
TARCEVA 150 MG;150;COMPRIME PELLICULE
AKINDEX SIROP ENFANT;0.1;SIROP
GYNO-DERMOFIX;300;CAPSULE VAGINALE
CHEMOSET;4;COMPRIME PELLICULE
IONAX T;4 / 2;SOLUTION POUR APPLICATION LOCALE
DOXORUBICINE EBEWE;10;SOLUTION POUR PERFUSION
TRANSILANE;2.816;POUDRE POUR SUSPENSION BUVABLE
CAMPTO;100;SOLUTION A DILUER POUR PERFUSION
GAVISCON;500 / 267;SUSPENSION BUVABLE
REQUIP 0.5 MG;0.5;COMPRIME PELLICULE
ESTRADERM;1.5;DISPOSITIF TRANSDERMIQUE
GEPRID;4;COMPRIME
ACTONEL PLUS CALCIUM D;32.5 / 1 / 880;COMPRIME PELLICULE ET GRANULE EFFERVESCENT
ACTONEL PLUS CALCIUM D;32.5 / 1 / 880;COMPRIME PELLICULE ET GRANULE EFFERVESCENT
MADECASSOL;1;POMMADE
DUPHALAC;10;SOLUTION BUVABLE
TILDIEM;60;COMPRIME
TILDIEM;60;COMPRIME
PHARMATEX;1.2;CREME VAGINALE
AMEP 10;10;COMPRIME
MIFLASONE;400;GELULE INHALEE
BIODROXIL;125;POUDRE POUR SUSPENSION BUVABLE
ALPRAZ;0.5;COMPRIME
DRILL EXPECT. S. S.;750;SOLUTION BUVABLE
ATARAX;2;SOLUTION BUVABLE
BRONCHOFLUIDE;2;SOLUTION BUVABLE
FENTANYL JANSSEN 500 µG/10ML;500;SOLUTION INJECTABLE
INFERON;4.5;SOLUTION INJECTABLE
STRATTERA 60 MG;60;GELULE
D-RUBICIN-50;50;POUDRE POUR PERFUSION
MINALFENE;300;COMPRIME ENROBE
LESCOL LP;80;COMPRIME ENROBE LP
PERVITAL;4;SIROP
DONZEP 5 MG;5;COMPRIME PELLICULE
TIAFLAM 200MG;200;COMPRIME
CLAVULIN;500 / 62.5;POUDRE POUR SUSPENSION BUVABLE
ADEPAL;0.15 / 0.04;COMPRIME ENROBE
CLEREGIL ENF;0.5;SOLUTION BUVABLE
LEDERFOLINE;25;COMPRIME SECABLE
GLIMEWIN;3;COMPRIME
GLIMEWIN;3;COMPRIME
LACRYVISC;0.3;GEL OPHTALMIQUE
CILOXAN;0.3;COLLYRE
TRIATEC PROTECT;10;COMPRIME SECABLE
PEDOVEX 75 MG;75;COMPRIME PELLICULE
ARCOXIA;120;COMPRIME PELLICULE
GEPRID;4;COMPRIME
AUGMENTIN;500 / 62.5;POUDRE POUR SUSPENSION BUVABLE
CLADIA;500;COMPRIME ENROBE
AMLOR PLUS 5MG/10MG;5 / 10;COMPRIME PELLICULE
AVANDAMET;4 / 500;COMPRIME PELLICULE
AVANDAMET;4 / 500;COMPRIME PELLICULE
UMULINE RAPIDE;100;SOLUTION INJECTABLE
KETALGIC LP 100 MG;100;GELULE LP
KETALGIC LP 100 MG;100;GELULE LP
PERIDYS;10;COMPRIME PELLICULE
ALGIK;500 / 50;COMPRIME
NEUTRAL;4.22 / 5.2;SUSPENSION BUVABLE
HUMALOG KWIK PEN MIX 25;100;SUSPENSION INJECTABLE INTERMEDIAIRE
MEGAFLOX;500;COMPRIME PELLICULE
HYPRIL;20 / 12.5;COMPRIME SECABLE
CEKACORT;5 / 125 / 125;COMPRIME ENROBE GASTRO-RESISTANT
MEZOR 40 MG;40;GELULE GASTRO-RESISTANTE
APURONE;400;COMPRIME
OKA-VINCRISTINE;1;SOLUTION INJECTABLE
CEFAPEROS;250;POUDRE POUR SUSPENSION BUVABLE
CONTRACIDE;4 / 2;SUSPENSION BUVABLE
MYCOPHARM;500000;COMPRIME DRAGEIFIE
COLPOTROPHINE;10;CAPSULE VAGINALE
ROXID;200;GELULE
IDOL 100 MG;100;SUPPOSITOIRE
SUFENTA 10µG /2ML;10;SOLUTION INJECTABLE
CLOMID;50;COMPRIME SECABLE
CLOMID;50;COMPRIME SECABLE
CLARITYNE;5;SIROP
FRAXODI;19000;SOLUTION INJECTABLE
FLUCONAZOLE GT 150 MG;150;GELULE
PEVARYL;1;SOLUTION POUR APPLICATION LOCALE
LAROXYL;50;COMPRIME PELLICULE
LAROXYL;50;COMPRIME PELLICULE
TRILEPTAL;600;COMPRIME PELLICULE
NOVONORM;1;COMPRIME
RINOMICINE;400 / 4;POUDRE POUR SUSPENSION BUVABLE
SOLU MEDROL;20;POUDRE POUR SOLUTION INJECTABLE
LEVOTHYROX;100;COMPRIME SECABLE
DICLO PHARMA 5;75;SOLUTION INJECTABLE
ODIA;4;COMPRIME
ODIA;4;COMPRIME
VOXCIB 200 MG;200;GELULE
FLUZAIR;125;SUSPENSION POUR INHALATION BUCCALE
DUOFILM;16.7 / 100;SOLUTION POUR APPLICATION LOCALE
TWINRIX (ADULTE);0;SUSPENSION INJECTABLE
EPIRUBICINE MYLAN 2 MG/ML;50 / 25;SOLUTION POUR PERFUSION
DRILL EXPECT. AD.;750;SIROP
TRANXILIUM;20;COMPRIME TETRASECABLE
PIZEDA;500;COMPRIME SECABLE
ANGI -SPRAY;182 / 118;COLLUTOIRE
DIVARIUS 20 MG;20;COMPRIME PELLICULE SECABLE
DIVARIUS 20 MG;20;COMPRIME PELLICULE SECABLE
PAXIL CR 12.5 MG;12.5;COMPRIME PELLICULE
PAXIL CR 12.5 MG;12.5;COMPRIME PELLICULE
ULCEMID;400;COMPRIME
TORVA;10;COMPRIME ENROBE
ROMAC;150;COMPRIME SECABLE
TRAMIUM150MG;150;GELULE LP
TRAMIUM150MG;150;GELULE LP
PACLITAXEL MYLAN PHARMA 100 MG/16.7 ML;100;SOLUTION A DILUER POUR PERFUSION
VAXIGRIP;;PREPARATION INJECTABLE
EOSINE PHARMA;2;SOLUTION POUR APPLICATION LOCALE
ECLARAN;10;GEL
CHIBRO-CADRON;350000 / 100;COLLYRE
CHIBRO-CADRON;350000 / 100;COLLYRE
NASONEX;50;SUSPENSION POUR PULVERISATION NASALE
DEXAMETHASONE MYLAN;4;SOLUTION INJECTABLE
ULCEMAT;200;COMPRIME
TRIMOX;100 / 20;COMPRIME
ZYBAN;150;COMPRIME PELLICULE LP
OPTICRON;2;COLLYRE
OPTICRON;2;COLLYRE
ANTAGON H2;200;COMPRIME EFFERVESCENT
AMCARD;10;COMPRIME
SPIRALIDE;3;COMPRIME SECABLE
BAITANET D;10;SOLUTION POUR APPLICATION LOCALE
AXIMYCINE;500;GELULE
KEPPRA;1;COMPRIME PELLICULE SECABLE
KOGENATE 250 UI;250;POUDRE POUR SOLUTION INJECTABLE
TRIOMUNE 40;40 / 150;COMPRIME
ACCUPRIL;20;COMPRIME ENROBE SECABLE
NOCOL;20;COMPRIME PELLICULE
VAGIFEM;25;COMPRIME GYNECOLOGIQUE
SUFENTA;250;SOLUTION INJECTABLE
IPERTEN;20;COMPRIME
IPERTEN;20;COMPRIME
ANDRIOL GM;40;CAPSULE
FLOXAPEN;500;POUDRE POUR USAGE PARENTERAL
CURAM;250 / 62.5;POUDRE POUR SUSPENSION BUVABLE
TRACRIUM;50;SOLUTION INJECTABLE
CARDIX;25;COMPRIME SECABLE
LYSANXIA;10;COMPRIME SECABLE
TOTHEMA;50 / 1.33;SOLUTION BUVABLE
CRONODINE LP 120 MG;120;GELULE LP
IPP;20;GELULE GASTRO-RESISTANTE
STARMOX;1;COMPRIME DISPERSIBLE
STREPTOCID;1;COMPRIME
BACTOX;1;POUDRE POUR SUSPENSION BUVABLE
PREPACOL L (H);5 / 9.54 / 41.74;SOLUTION BUVABLE
PLAVIX 300 MG;300;COMPRIME PELLICULE
PLAVIX 300 MG;300;COMPRIME PELLICULE
PLAVIX 300 MG;300;COMPRIME PELLICULE
CARBOPLATINE AGUETTANT 450 MG;450;SOLUTION POUR PERFUSION
VOGALENE;0.1;SIROP
LOCABIOTAL;50;SOLUTION POUR PULVERISATION BUCCALE OU NASALE
ADRENALINE 0,25 MG;0.25;SOLUTION INJECTABLE
NEO-CODION ENFANTS;0.1098;SIROP
KETALGIC LP 200 MG;200;GELULE LP
KETALGIC LP 200 MG;200;GELULE LP
LOMET;30;GELULE
HEXABRIX;200;SOLUTION INJECTABLE
ADRENALINE 0,25 MG;0.25;SOLUTION INJECTABLE
VIVALAN LP;300;COMPRIME LP
FLIXOTIDE;50;SUSPENSION POUR INHALATION
EMOFORM;1.4 / 4.8;PATE DENTIFRICE
AVODART;0.5;CAPSULE MOLLE
AVODART;0.5;CAPSULE MOLLE
VIRAFERON PEG;100;POUDRE POUR SOLUTION INJECTABLE
BARALGIN M;2.5;SOLUTION INJECTABLE
DIAMICRON;80;COMPRIME SECABLE
CEFAPEROS;500;GELULE
TRIBUTINE;0.787;GRANULE POUR SUSPENSION BUVABLE
TOPREC;25;COMPRIME
TOPREC;25;COMPRIME
FLOTEC;50;SUSPENSION POUR PULVERISATION NASALE
FONGICAN;150;GELULE
CUSIVIRAL;3;POMMADE OPHTALMIQUE
GENTAMICIN-POS;5;COLLYRE
CONTALAX;5;COMPRIME GASTRO-RESISTANT
ZOLAM;30;GELULE
SOCLAV;1 / 125;POUDRE POUR SUSPENSION BUVABLE
SOCLAV;1 / 125;POUDRE POUR SUSPENSION BUVABLE
OFTALMOTRIM;0.1 / 1000000;COLLYRE
MUXOL;15;SOLUTION BUVABLE
PROFLOX;250;COMPRIME ENROBE
INTETRIX;50 / 200;GELULE
STARPEN;0.4;GRANULE POUR SUSPENSION BUVABLE
PLAVIX 300 MG;300;COMPRIME PELLICULE
OXYBUT;5;COMPRIME SECABLE
CINET;1;SUSPENSION BUVABLE
METHYLPREDNISOLONE MYLAN;1;POUDRE POUR SOLUTION INJECTABLE IV
BUDENA;200;SUSPENSION POUR INHALATION BUCCALE
VERMOX;500;COMPRIME
NALOXONE MYLAN 0.4 MG/1 ML;0.4;SOLUTION INJECTABLE
NALOXONE MYLAN 0.4 MG/1 ML;0.4;SOLUTION INJECTABLE
SYNNAX;5;COMPRIME DISPERSIBLE
SYNNAX;5;COMPRIME DISPERSIBLE
MACROMAX 200 MG/5ML;200;POUDRE POUR SUSPENSION BUVABLE
BRONCHOKOD;5;SIROP
MICROZIDE;80;COMPRIME SECABLE
OEDES;20;GELULE
CLAMOXYL;125;POUDRE POUR SUSPENSION BUVABLE
DIFAL;50;COMPRIME ENROBE
PRASTENOR 20MG;20;COMPRIME SECABLE
FORTZAAR;100 / 12.5;COMPRIME PELLICULE
ROCGEL;200;SUSPENSION BUVABLE
FRAKIDEX COLLYRE;5 / 31500;COLLYRE
VELITENE;200 / 50;COMPRIME PELLICULE
VELITENE;200 / 50;COMPRIME PELLICULE
HERCEPTIN;150;POUDRE POUR PERFUSION
GAVISCON;500 / 267;SUSPENSION BUVABLE
SEROHALE 250 µG;25 / 250;SUSPENSION POUR INHALATION BUCCALE
SEROHALE 250 µG;25 / 250;SUSPENSION POUR INHALATION BUCCALE
FRAXIPARINE;2850;SOLUTION INJECTABLE
ARGININE VEYRON;1;SOLUTION BUVABLE
CLORACEF;125;GRANULE POUR SUSPENSION BUVABLE
TOPIRAMATE GT 50 MG;50;COMPRIME PELLICULE
TORVA;10;COMPRIME ENROBE
CARTEOL;1;COLLYRE
EURAX;10;CREME
MOSCONTIN;10;COMPRIME LP
EBETAXEL;150;SOLUTION A DILUER POUR PERFUSION
MAGNE B 6;500 / 125;COMPRIME ENROBE
OROTREX;10;CAPSULE MOLLE
KEFOTAX IV;1;POUDRE POUR SOLUTION INJECTABLE
EUMOXOL 0.3%;0.3;SOLUTION BUVABLE
RANTUDIL RETARD;90;GELULE LP
NAPROXENE PHARMA FORT;550;GELULE
ORUVAIL;100;GELULE LP
SEPTAZIDE;200;GELULE
RINIAZIDE;150 / 100;GELULE
DIAMICRON LM;30;COMPRIME LM
MACROMAX 200 MG/5ML;200;POUDRE POUR SUSPENSION BUVABLE
ELVORINE;7.5;COMPRIME
GRISEOPHARM;500;COMPRIME
STRATTERA 25 MG;25;GELULE
TOPIRAMATE GT 50 MG;50;COMPRIME PELLICULE
ALIMTA;500;POUDRE POUR PERFUSION
ALIMTA;500;POUDRE POUR PERFUSION
ACNO 30 MG;31.50;CAPSULE MOLLE
ACNO 30 MG;31.50;CAPSULE MOLLE
PIPORTIL L4;100;SOLUTION INJECTABLE
PIPORTIL L4;100;SOLUTION INJECTABLE
ATARAX;25;COMPRIME PELLICULE SECABLE
CHOLESTIN 10 MG;10;COMPRIME SECABLE
FLOXAPEN;500;GELULE
DURESAN;20;SOLUTION INJECTABLE
SUSTANON;100 / 60;SOLUTION INJECTABLE
RADIOSELECTAN URINAIRE ET VASCULAIRE;76;SOLUTION INJECTABLE
DOGMATIL;50;GELULE
HYPERIUM;1;COMPRIME
AMUCHIN 3;0.033 / 0.54;SOLUTION POUR APPLICATION LOCALE
TOTAPEN;1;POUDRE POUR SOLUTION INJECTABLE
SODIUM CHLORURE PROMOPHARM;10;SOLUTION POUR PERFUSION
EXOCINE;0.3;COLLYRE
TARGOCID;200;POUDRE POUR SOLUTION INJECTABLE
MEXINE 250 MG;250;COMPRIME PELLICULE
ROCEPHIN IV;500;POUDRE POUR SOLUTION INJECTABLE
XATRAL LP;10;COMPRIME LP
GENTADEXA;;COLLYRE
GENTADEXA;;COLLYRE
METHOTREXATE MYLAN;5;SOLUTION INJECTABLE
ACTIFED;2.5 / 50 / 300;COMPRIME
XELODA;150;COMPRIME PELLICULE
NATISPRAY;0.3;SOLUTION POUR PULVERISATION BUCCALE
JEVTANA 60MG/1.5ML;60;SOLUTION A DILUER POUR PERFUSION
VOLTARENE;25;SUPPOSITOIRE
ZITHROMAX;300;POUDRE POUR SUSPENSION BUVABLE
INFERON;3;SOLUTION INJECTABLE
TAHOR;10;COMPRIME PELLICULE
BICALUTAMIDE GT;50;COMPRIME PELLICULE
BICALUTAMIDE GT;50;COMPRIME PELLICULE
PENAMOX;250;COMPRIME DISPERSIBLE
GASTROCYNESINE;;COMPRIME
TITANOREINE;0.3 / 0.2;SUPPOSITOIRE
ALFATIL;500;COMPRIME DISPERSIBLE
VOLTARENE LP;100;COMPRIME LP
FLUCONAZOLE WIN 150;150;GELULE
TEGUMA;1;SOLUTION POUR APPLICATION LOCALE
TEGUMA;1;SOLUTION POUR APPLICATION LOCALE
MIACALCIC 200 UI;2200;SOLUTION POUR PULVERISATION NASALE
MIACALCIC 200 UI;2200;SOLUTION POUR PULVERISATION NASALE
MANNITOL 10% LAPROPHAN;10;SOLUTION POUR PERFUSION
HOMEOAFTYL;;COMPRIME A SUCER
EM 80 ACIDE;;SOLUTE CONCENTRE
EXFORGE 10 MG/160 MG;10 / 160;COMPRIME PELLICULE
EXFORGE 10 MG/160 MG;10 / 160;COMPRIME PELLICULE
CALCIUM SANDOZ;500;COMPRIME EFFERVESCENT
MICROGYNON 30;0.15 / 0.03;COMPRIME ENROBE
LAMICTAL;25;COMPRIME
OLMETEC;40;COMPRIME PELLICULE
VALEX 500 MG;500;COMPRIME ENROBE
VALEX 500 MG;500;COMPRIME ENROBE
SAGADREPS 20 MG ARÔME ORANGE;20;PASTILLE A SUCER
STAPHYMYCINE;500;POUDRE POUR SOLUTION INJECTABLE
ZIFAR;10;COMPRIME
VIRAFERONPEG 100 µG;100;POUDRE ET SOLVANT POUR SOLUTION INJECTABLE
MODINE;10;SOLUTION INJECTABLE POUR PERFUSION
MODINE;10;SOLUTION INJECTABLE POUR PERFUSION
FLUPEN 125 MG/5 ML;125;POUDRE POUR SUSPENSION BUVABLE
VIRAFERON PEG;120;POUDRE POUR SOLUTION INJECTABLE
UROMITEXAN;400;SOLUTION POUR PERFUSION
OXONE 500 MG/5ML IV;500;POUDRE POUR SOLUTION INJECTABLE
LISASPIN;1;POUDRE POUR SOLUTION BUVABLE
TERBINAFINE GT;250;COMPRIME SECABLE
TERBINAFINE GT;250;COMPRIME SECABLE
MEGASFON 80 MG;80;COMPRIME ORODISPERSIBLE
MELADININE;10;COMPRIME
GLIVEC 400MG;400;COMPRIME PELLICULE
GLIVEC 400MG;400;COMPRIME PELLICULE
DIGERVIN 20 MG;20;COMPRIME
MEIACT 200 MG;254;COMPRIME PELLICULE
FLUCONAZOLE WIN 150;150;GELULE
TRITAZIDE;5 / 25;COMPRIME
TRITAZIDE;5 / 25;COMPRIME
TERIX 250 MG;250;COMPRIME
TERIX 250 MG;250;COMPRIME
CYCLO 3;150 / 150;GELULE
CLARADOL;500;COMPRIME EFFERVESCENT
AIRLIX;10;COMPRIME PELLICULE SECABLE
AIRLIX;10;COMPRIME PELLICULE SECABLE
SIMVASTATINE GT;40;COMPRIME ENROBE
SIMVASTATINE GT;40;COMPRIME ENROBE
LARGACTIL;100;COMPRIME PELLICULE SECABLE
INNOHEP 10 000 UI ANTI-XA/0,5 ML;10000;SOLUTION INJECTABLE
DISPAMOX;125;POUDRE POUR SUSPENSION BUVABLE
IBUMAC 100 MG/ 5 ML;100;SUSPENSION BUVABLE
IBUMAC 100 MG/ 5 ML;100;SUSPENSION BUVABLE
AVANDAMET;4 / 1000;COMPRIME PELLICULE
AVANDAMET;4 / 1000;COMPRIME PELLICULE
OLICLINOMEL N7-1000E;;SOLUTION ET EMULSION POUR PERFUSION
OLICLINOMEL N7-1000E;;SOLUTION ET EMULSION POUR PERFUSION
METHOTREXATE BIODIM;25;SOLUTION INJECTABLE
GASTROP;400;COMPRIME
FLUPEN 250 MG/5 ML;250;POUDRE POUR SUSPENSION BUVABLE
UROSTA;5;COMPRIME SECABLE
LESCOL;40;GELULE
GLUCOSE 5% LAPROPHAN;5;SOLUTION POUR PERFUSION
PEVAGINE;1;CREME
CHEMOSET;8;COMPRIME PELLICULE
BIOMOX;500;GELULE
TETRACYCLINE LAPROPHAN;4;POUDRE POUR APPLICATION LOCALE
FELDENE FAST;20;COMPRIME SUBLINGUAL
URO 3000 GLYCOCOLLE AGUETTANT;1.5;SOLUTION POUR IRRIGATION
MUCOSTEINE;5;SIROP
KALEST;20;GELULE
MEIACT 200 MG;254;COMPRIME PELLICULE
MANNITOL 20 % SOTHEMA;20;SOLUTION POUR PERFUSION
MIRCERA 50 µG/0.3 ML;50;SOLUTION INJECTABLE
FELDENE;0.5;GEL
MICROPAQUE COLON;369.52;POUDRE RECTALE
COTIPRED;20;COMPRIME SECABLE EFFERVESCENT
SUPPOSEDAL PARACETAMOL ENFANT;10 / 20 / 250;SUPPOSITOIRE
SUPPOSEDAL PARACETAMOL NOURRISSON;5 / 10 / 100;SUPPOSITOIRE
SOLU MEDROL;500;POUDRE POUR PERFUSION
TAGAMET;400;COMPRIME PELLICULE
ETOPOSIDE MYLAN;20;SOLUTION A DILUER POUR PERFUSION
ANTINAL;4;SUSPENSION BUVABLE
TRIMAREL;20;COMPRIME PELLICULE
CAPD/DPCA 3;;SOLUTION POUR DIALYSE PERITONEALE
MYCOSTATINE;500000;COMPRIME ENROBE
EXODERIL;1;CREME
DANATROL;200;GELULE
INTRONA;1;SOLUTION INJECTABLE
INTRONA;1;SOLUTION INJECTABLE
LACTULAX;50;SOLUTION BUVABLE
CICLOVIRAL;400;COMPRIME
BIBAG;;POUDRE POUR CONCENTRE POUR HEMODIALYSE
FLOXAPEN;250;POUDRE POUR USAGE PARENTERAL
SPIRIVA 18 µG;18;GELULE INHALEE
SPIRIVA 18 µG;18;GELULE INHALEE
CO-AMAREL 2 MG/ 500 MG;2 / 500;COMPRIME PELLICULE
CO-AMAREL 2 MG/ 500 MG;2 / 500;COMPRIME PELLICULE
ARANESP 150 µG;150;SOLUTION INJECTABLE
ARANESP 150 µG;150;SOLUTION INJECTABLE
ALLERGINE;10;COMPRIME SECABLE
MYCOPHARM;100000;COMPRIME VAGINAL
BIDONTOGYL;1.5 / 250;COMPRIME PELLICULE
UMAX 400 µG LP;0.4;GELULE LP
UMAX 400 µG LP;0.4;GELULE LP
KALEST;20;GELULE
GLYSET;2;COMPRIME
MIOCAMEN;50;GRANULE POUR SUSPENSION BUVABLE
THIOBACTIN;250;COMPRIME
TIBERAL;500;COMPRIME ENROBE
REMICADE;100;POUDRE POUR PERFUSION
COPEGUS;200;COMPRIME PELLICULE
DERMOFIX;2;POUDRE POUR APPLICATION LOCALE
FLUCONAZOLE GT 150 MG;150;GELULE
ARES;250;COMPRIME PELLICULE
CYCLOMIDE NOVOPHARMA 500 MG;500;POUDRE POUR USAGE PARENTERAL
SOCLAV ENFANT;500 / 62.5;POUDRE POUR SUSPENSION BUVABLE
HYDROCORTISONE LEURQUIN;100;POUDRE POUR SOLUTION INJECTABLE
HYDROCORTISONE LEURQUIN;100;POUDRE POUR SOLUTION INJECTABLE
BIOMOX;250;POUDRE POUR SUSPENSION BUVABLE
PAXIL CR 25 MG;25;COMPRIME PELLICULE
PAXIL CR 25 MG;25;COMPRIME PELLICULE
AVANDIA;8;COMPRIME PELLICULE
ALFAPROXINE;250;COMPRIME PELLICULE
PARANTAL 300 MG;300;SUPPOSITOIRE
LEVAMOX 1G/125MG;1 / 125;COMPRIME EFFERVESCENT
LEVITRA;10;COMPRIME PELLICULE
BIPRETERAX;1.25 / 5;COMPRIME PELLICULE
ODIA;3;COMPRIME
GYNO-PEVARYL;150;OVULE
TAHOR;40;COMPRIME PELLICULE
TAHOR;40;COMPRIME PELLICULE
NAPROXENE PHARMA;550;POUDRE POUR SOLUTION INJECTABLE
BICARBONATE DE SODIUM LAPROPHAN;4.2;SOLUTION POUR PERFUSION
BRONCOLIBER ENFANT;15;SIROP
CHLORURE DE SODIUM LAPROPHAN;0.9;SOLUTION POUR PERFUSION
TERIX;250;COMPRIME
TERIX;250;COMPRIME
SOMATULINE LP 90 MG;90;SOLUTION INJECTABLE LP
SOMATULINE LP 90 MG;90;SOLUTION INJECTABLE LP
PNEUMOCCID;1;COMPRIME DISPERSIBLE
ZAVEDOS;10;POUDRE POUR SOLUTION POUR PERFUSION
NAUSELIUM;1;SUSPENSION BUVABLE
DYNASTAT;40;POUDRE POUR SOLUTION INJECTABLE
NOVOCLIN 250MG/31.25MG;250 / 31.25;POUDRE POUR SUSPENSION BUVABLE
OKA-TAMOX;20;COMPRIME
ZEFFIX;100;COMPRIME PELLICULE
SYMBICORT TURBUHALER;200 / 6;POUDRE POUR INHALATION
EAU P.P.I.;5;SOLVANT POUR PEPARATION INJECTABLE
CETAMYL;500;POUDRE POUR SOLUTION BUVABLE
AMIKLIN;500;POUDRE POUR SOLUTION INJECTABLE
CEFALINE HAUTH;500 / 50;POUDRE POUR SOLUTION BUVABLE
PROGOR;360;GELULE LP
TRINOMYC;2;SOLUTION POUR PERFUSION
ZOLAM;15;GELULE
ZOLAM;15;GELULE
DAIVONEX;50;POMMADE
CISPLATINE EBEWE;100;SOLUTION POUR PERFUSION
CLAVAM;500 / 62.5;POUDRE POUR SUSPENSION BUVABLE
CLOPRAME;10;COMPRIME
PROMET;500;OVULE
PROGAST;20;GELULE
PROGAST;20;GELULE
AVLOCARDYL;5;SOLUTION POUR PERFUSION
SPASMOPAN;10;SUPPOSITOIRE
COQUELUSEDAL PARACETAMOL AD;20 / 40 / 500;SUPPOSITOIRE
SOLIAN;200;COMPRIME SECABLE
SOLIAN;200;COMPRIME SECABLE
ARIXTRA 7.5 MG/0.6 ML;7.5;SOLUTION INJECTABLE
CHLORURE DE SODIUM LAPROPHAN;0.9;SOLUTION POUR PERFUSION
VITATLON PLUS;500;COMPRIME EFFERVESCENT
VITATLON PLUS;500;COMPRIME EFFERVESCENT
NORLUTEN;5;COMPRIME PELLICULE
HEPADIAL;50;COMPRIME ENROBE
RAMIPRIL WIN;5;COMPRIME
RAMIPRIL WIN;5;COMPRIME
LIFONGID;1;SOLUTION POUR APPLICATION LOCALE
COTAREG;160 / 12.5;COMPRIME PELLICULE
SELEXID 200 MG;200;COMPRIME PELLICULE
EUSAPRIM FORT;800 / 160;COMPRIME SECABLE
BIOGAZE HN GM;85.55 / 56.55;COMPRESSE IMPREGNEE
VISANNE 2 MG;2;COMPRIME
ALIVIAR;50;GELULE
CANDICID;150;GELULE
BETADINE;250;OVULE
LOCACID;15;CREME
STALEVO 100/25/200 MG;200 / 100 / 27.50;COMPRIME PELLICULE
IXOR;10;COMPRIME EFFERVESCENT
FLIXOTIDE DISKUS;250;SUSPENSION POUR INHALATION
ONDANSETRON MYLAN 8 MG/4ML;8;SOLUTION INJECTABLE
GENCIFRICE;0.8;GEL GINGIVAL
CICLOVIRAL;250;POUDRE POUR SOLUTION INJECTABLE
CICLOVIRAL;250;POUDRE POUR SOLUTION INJECTABLE
ERLUS 5 MG;5;COMPRIME PELLICULE
LEVAMOX;1 / 125;COMPRIME EFFERVESCENT
CRISTAL NOUR;0.66;SUPPOSITOIRE
KENACORT RETARD;40;SUSPENSION INJECTABLE
REVOCIR;5;CREME
ATOPIX;10;COMPRIME PELLICULE SECABLE
ACIDE EM;;SOLUTE CONCENTRE
DI-INDO;25;COMPRIME DISPERSIBLE
PACLITAXEL PHARMACHEMIE 6MG/ML;150;CONCENTRE POUR SOLUTION POUR PERFUSION
LUDIOMIL;25;COMPRIME PELLICULE SECABLE
ONDANSETRON AGUETTANT 2 MG/ML;8;SOLUTION INJECTABLE
PROCTOLOG;5.8;CREME RECTALE
METAGLIZ;10;COMPRIME
MOBIC;15;SOLUTION INJECTABLE
MILIPREL;2;COMPRIME
NOVALGINE;5;SIROP
NOVALGINE;5;SIROP
NEVIMUNE;200;COMPRIME
ROYEN 500MG;500;CAPSULE
UNASYN INJECTABLE (IM/IV) 2000 MG/1000 MG;2 / 1;POUDRE POUR USAGE PARENTERAL
AZ;200;POUDRE POUR SUSPENSION BUVABLE
AMOVAS;10;COMPRIME
ASPEGIC AD;1;POUDRE POUR SOLUTION BUVABLE
PROFENID;50;GELULE
PARANTAL;80;GRANULE POUR SUSPENSION BUVABLE
DICLO PHARMA 5 RETARD;100;COMPRIME ENROBE
STEROGYL 15 H;0.6;SOLUTION BUVABLE ET INJECTABLE
VITAMINE C;1;COMPRIME EFFERVESCENT
DUROGESIC;25;DISPOSITIF TRANSDERMIQUE
MEGAFLOX IV;100;SOLUTION POUR PERFUSION
NO-SPA;40;COMPRIME
STAPHYMYCINE;1;POUDRE POUR SOLUTION INJECTABLE
ULCECURE;1 / 500 / 20;GELULE ET COMPRIME
HALDOL FORT;2;SOLUTION POUR GOUTTES BUVABLES
LEUCODININE;10;POMMADE
NOPOROSE 35 MG;35;COMPRIME PELLICULE
CILENTRA 10 MG;10;COMPRIME PELLICULE SECABLE
DELTAZINE ADRENALINE;72;SOLUTION INJECTABLE
CLOPIDOGREL GT 75 MG;75;COMPRIME PELLICULE
AZITHROMYCINE WIN 500 MG;500;COMPRIME PELLICULE
FLUSTAPH;125;POUDRE POUR SUSPENSION BUVABLE
PERIANEST 0,5%;0.5;SOLUTION INJECTABLE
XATRAL LP;5;COMPRIME ENROBE LP
CLAVULIN;100 / 12.5;POUDRE POUR SUSPENSION BUVABLE
SOMATULINE LP 120 MG;120;SOLUTION INJECTABLE LP
SOMATULINE LP 120 MG;120;SOLUTION INJECTABLE LP
LORAZEPAM PHARMA;1;COMPRIME
RISPERDAL;1;COMPRIME PELLICULE SECABLE
RISPERDAL;1;COMPRIME PELLICULE SECABLE
FARLUTAL;500;COMPRIME
ORALGAN CODEINE;300 / 25;COMPRIME
NAPROGEL;10;GEL
ACIDE DEXTROSE EM 80 DI;;SOLUTE CONCENTRE
ZAMOX;100 / 12.5;POUDRE POUR SUSPENSION BUVABLE
SCANDICAINE 3 %;54;SOLUTION INJECTABLE POUR USAGE DENTAIRE
ARGININE VEYRON;150;SIROP
VISCERALGINE;20;SUPPOSITOIRE
CANAFLUCAN;150;GELULE
ULCEMAT;200;COMPRIME
LEDERFOLINE;5;SOLUTION INJECTABLE
INFANRIX HEXA;;POUDRE ET SOLVANT POUR SUSPENSION INJECTABLE
TYKERB;250;COMPRIME
TYKERB;250;COMPRIME
AVLOCARDYL LP;160;GELULE LP
TASIGNA 200MG;200;CAPSULE
TASIGNA 200MG;200;CAPSULE
CELESTENE;2;COMPRIME DISPERSIBLE SECABLE
PRIMPERAN;0.1;SOLUTION BUVABLE
PRIMPERAN;0.1;SOLUTION BUVABLE
BOTOX;100;POUDRE POUR SOLUTION INJECTABLE
STERDEX;0.267 / 1335;POMMADE OPHTALMIQUE
UROFLOX;200;COMPRIME ENROBE
FERPLEX 40 MG/15 ML;40;SOLUTION BUVABLE
INOPRIL 8 MG;8;COMPRIME SECABLE
MODINE;30;COMPRIME ENROBE
ALFAPROXINE;500;COMPRIME PELLICULE
ALFAPROXINE;500;COMPRIME PELLICULE
PROZAC;20;GELULE
LOWRAC;5;GELULE
SEDATIF PC;;SUPPOSITOIRE
DELTAZINE 4% SANS VASOCONSTRICTEUR;72;SOLUTION INJECTABLE
SERETIDE 250;250 / 25;SUSPENSION POUR INHALATION
LOSARTAN GT;50;COMPRIME PELLICULE SECABLE
CLOFENE;50;SUPPOSITOIRE
FLUPEN 250 MG/5 ML;250;POUDRE POUR SUSPENSION BUVABLE
DIVINA;2 / 10;COMPRIME
DICLO PHARMA 5;75;SOLUTION INJECTABLE
PROTAMINE CHOAY;1000;SOLUTION INJECTABLE
ONIFINE;250;COMPRIME
ONIFINE;250;COMPRIME
NOMYC;50;GELULE
NOMYC;50;GELULE
MENAELLE 100 MG;100;CAPSULE MOLLE
FASIGYNE;500;COMPRIME ENROBE
ULCEMAT;400;COMPRIME
TRIATEC;5;COMPRIME SECABLE
ACTONEL;35;COMPRIME PELLICULE
INIKAL 5 MG;5;COMPRIME
CERAZETTE;0.075;COMPRIME ENROBE
FLOCIP;250;COMPRIME PELLICULE
FLOCIP;250;COMPRIME PELLICULE
LACRINORM;0.2;GEL OPHTALMIQUE
TRICEF IM;1;POUDRE POUR SOLUTION INJECTABLE
FELDENE;0.5;GEL
DECADRON;0.5;COMPRIME SECABLE
CARVEDILOL GT;25;COMPRIME SECABLE
VASURIX 20 MG;20;COMPRIME ENROBE
VASURIX 20 MG;20;COMPRIME ENROBE
UMATROPE;4;POUDRE ET SOLVANT POUR SOLUTION INJECTABLE
KALEST;20;GELULE
KALEST;20;GELULE
NEO-CODION;25;COMPRIME ENROBE
TIAGAM;200;COMPRIME SECABLE
TIAGAM;200;COMPRIME SECABLE
PRETERAX;0.625 / 2.5;COMPRIME PELLICULE
SPIRALIDE;1.5;COMPRIME SECABLE
FARMORUBICINE;10 / 5;POUDRE POUR PERFUSION
GRACIAL;125 / 30;COMPRIME PELLICULE
MAG 2;122;SOLUTION BUVABLE
RIFODERM;250 / 250;POMMADE
GASTROPULGITE;2.5 / 0.5;POUDRE POUR SOLUTION BUVABLE
GENTOSYL;20;SOLUTION INJECTABLE
EXACYL;500;COMPRIME PELLICULE
ODRIK 2 MG;2;GELULE
PHENOCILLINE;1;COMPRIME SECABLE
ROACCUTANE;20;CAPSULE MOLLE
BERLOCID 960;800 / 160;COMPRIME
DOLCISPRAY;4;SOLUTION POUR APPLICATION LOCALE
DIVIDO;75;GELULE A LP
ALLERGODIL;0.05;COLLYRE
CHRONADALATE L.P;20;COMPRIME OSMOTIQUE LP
HISTANORM;10;COMPRIME
ZERIT;40;GELULE
MICROPAQUE;100;SUSPENSION BUVABLE OU RECTALE
NOZINAN;100;COMPRIME PELLICULE SECABLE
BETADINE;10;GEL
ERY 500 MG;500;COMPRIME
CARTEOL LP;2;COLLYRE LP
PREGNYL;1500;PREPARATION INJECTABLE
PREGNYL;1500;PREPARATION INJECTABLE
CETAMYL;170;SUPPOSITOIRE
CARDENSIEL 1.25 MG;1.25;COMPRIME PELLICULE
CEFTRIAXONE MYLAN 1G/3,5ML;1;POUDRE POUR SOLUTION INJECTABLE
ONSET;8;COMPRIME PELLICULE
GEPRID;3;COMPRIME
GEPRID;3;COMPRIME
TRISULFA;800 / 160;COMPRIME
CLOFENE;1;EMULSION GELIFIEE
RUPTON;4 / 50;GELULE LP
OFLUREX;200;COMPRIME PELLICULE
RELAXOL;500 / 2;COMPRIME ENROBE GASTRO-RESISTANT
CLAMOXYL;500;GELULE
PROPOFOL MYLAN 20 MG/ML;20;EMULSION INJECTABLE
OEDES 40MG;40;LYOPHILISAT POUR SOLUTION INJECTABLE
ZUCAM;500 / 20 / 10 / 50;GRANULE EFFERVESCENT
EFDOL;80;SUPPOSITOIRE
BUTAMYL;2;SOLUTION BUVABLE
NORCURON;10;POUDRE POUR SOLUTION INJECTABLE
AVANDAMET;2 / 500;COMPRIME PELLICULE
AVANDAMET;2 / 500;COMPRIME PELLICULE
INOPRIL 4 MG;4;COMPRIME SECABLE
CHAMPIX;1;COMPRIME PELLICULE
AMOXIL;500;GELULE
DACRYOSERUM;1.8 / 1.2;SOLUTION POUR LAVAGE OCCULAIRE
ZIDOVIR;50;SOLUTION BUVABLE
CARBOPLATINE MYLAN;450;SOLUTION POUR PERFUSION
RETALZEM;180;GELULE LP
FELDENE;20;GELULE
FLUCONAZOLE GT 50 MG;50;GELULE
ADIZEM;300;GELULE LP
SPASMYL;0.787;GRANULE POUR SUSPENSION BUVABLE
SPASMYL;0.787;GRANULE POUR SUSPENSION BUVABLE
DIFFU-K;600;GELULE
NEOFORTAN;150;SUPPOSITOIRE
ALFAMOX;250;POUDRE POUR SUSPENSION BUVABLE
ALFAMOX;250;POUDRE POUR SUSPENSION BUVABLE
TITANOREINE;2.5 / 2;CREME RECTALE
TILCOTIL;20;COMPRIME PELLICULE SECABLE
S-CITAP 5 MG;5;COMPRIME PELLICULE
ACT HIB;;POUDRE POUR SUSPENSION INJECTABLE
NEOMOX;250;COMPRIME DISPERSIBLE
CUTIVATE;5;POMMADE
EXELON PATCH 5;9;DISPOSITIF TRANSDERMIQUE
SOLU MEDROL;120;POUDRE POUR SOLUTION INJECTABLE
TRIXAZOL FORT;200 / 40;SUSPENSION BUVABLE
CLAMOXYL;125;POUDRE POUR SUSPENSION BUVABLE
MOLGAM 200 MG;200;COMPRIME
AERIUS;5;COMPRIME ENROBE
SOLACY PEDIATRIQUE;36.3 / 11;COMPRIME POUR SUSPENSION BUVABLE
DAKTARIN;2;GEL BUCCAL
AVELOX;400;COMPRIME ENROBE
FLUCON;0.1;COLLYRE
MONURIL ADULTE 3G;3;GRANULE POUR SOLUTION BUVABLE
EXFORGE HCT 5MG/160MG/12.5MG;5/160/12.5;COMPRIME PELLICULE
BENCLAMID;5;COMPRIME
OKARUBICIN;50;LYOPHILISAT POUR SOLUTION INJECTABLE
HALOPERIDOL;1;COMPRIME
DAIVOBET 50µG/0.5MG/G;50 / 0.5;POMMADE
MOBIC;7.5;COMPRIME
FLIXOTIDE DISKUS;500;SUSPENSION POUR INHALATION
LOVENOX;30000;SOLUTION INJECTABLE
ALFAPROXINE;500;COMPRIME PELLICULE
ALFAPROXINE;500;COMPRIME PELLICULE
VOLTARENE;75;SOLUTION INJECTABLE
STEROGYL GOUTTES;2;SOLUTION POUR GOUTTES BUVABLES
VOLTARENE;100;SUPPOSITOIRE
NUPENTIN;300;GELULE
DIVIDO;75;GELULE A LP
HIBERIX;;PREPARATION INJECTABLE
PIMLO 5MG;5;COMPRIME
VOLMAX;8;COMPRIME LP
INEXIUM;40;COMPRIME PELLICULE GASTRO-RESISTANT
EQUORAL;100;CAPSULE MOLLE
IRINOCYT 40 MG/2ML;40;SOLUTION A DILUER POUR PERFUSION
STARMOX;250;POUDRE POUR SUSPENSION BUVABLE
JOSACINE NOURISSON;125;GRANULE POUR SUSPENSION BUVABLE
VACCIN BCG SSI;;POUDRE POUR INSTILLATION INTRAVESICALE
PAROXETINE GT 20MG;20;COMPRIME PELLICULE
HIBOR 5000 UI ANTI XA;5000;SOLUTION INJECTABLE
AUGMENTIN;500 / 62.5;COMPRIME PELLICULE
LEDERFOLINE;15;COMPRIME SECABLE
SUTENT;25;GELULE
DALACINE T TOPIC;10;SOLUTION POUR APPLICATION LOCALE
BI-TILDIEM LP;120;COMPRIME LP
BI-TILDIEM LP;120;COMPRIME LP
LEVOTHYROX;50;COMPRIME SECABLE
PRISDAL;3;COMPRIME PELLICULE
PRISDAL;3;COMPRIME PELLICULE
POLYDEXA;0.65 / 1;SOLUTION AURICULAIRE
HAVRIX (ADULTE);1440;SUSPENSION INJECTABLE
EFFERALGAN VIT C;330 / 200;COMPRIME EFFERVESCENT
IPP;20;GELULE GASTRO-RESISTANTE
VINCRISTINE COOPER;1;SOLUTION INJECTABLE
VINCRISTINE COOPER;1;SOLUTION INJECTABLE
BICARBONATE SLF103;;SOLUTE CONCENTRE
PEDIAZOLE;200 / 600;GRANULE POUR SIROP
BECIDOUZE;250 / 250;COMPRIME DRAGEIFIE
ASPRO;500;COMPRIME EFFERVESCENT
PAROXETINE GT 20MG;20;COMPRIME PELLICULE
DIPROSTENE;5;SUSPENSION INJECTABLE
AZILIDE 200 MG/5 ML;200;POUDRE POUR SUSPENSION BUVABLE
ATENOR;100;COMPRIME SECABLE
ERCEFURYL;4;SUSPENSION BUVABLE
ALLERGOCROM;20;COLLYRE
MERCRYL;5 / 2;SOLUTION MOUSSANTE POUR APPLICATION LOCALE
SOLUPRED;1;SOLUTION POUR GOUTTES BUVABLES
CANESTEN;1;CREME
MAGNEVIST;469.01 / 0.99;SOLUTION INJECTABLE
OXAPLATINE MYLAN 5 MG/ML;100;POUDRE POUR PERFUSION
MEDIZAPIN 7.5 MG;7.5;COMPRIME PELLICULE
ISOLONE;5;COMPRIME
TENSIOTEC;2.5;GELULE
MEGASFON;150 / 150;SUPPOSITOIRE
MEZOR 40 MG;40;GELULE GASTRO-RESISTANTE
TYPHIM VI;;SOLUTION INJECTABLE
AZ;200;POUDRE POUR SUSPENSION BUVABLE
ZELMAC;6;COMPRIME
ACNO 30 MG;31.50;CAPSULE MOLLE
ACNO 30 MG;31.50;CAPSULE MOLLE
BRUXICAM;1;CREME
ZOFRAN;4;COMPRIME PELLICULE
DOLMAX F.T. 250;250;COMPRIME ORODISPERSIBLE
SANDIMMUN;50;SOLUTION POUR PERFUSION
INSULINE MIXTARD 30 HM;100;SUSPENSION INJECTABLE INTERMEDIAIRE
WELLBUTRIN XR 300 MG;300;COMPRIME PELLICULE LM
NOVEX;2000;SOLUTION INJECTABLE
FLUPEN 500 MG;500;GELULE
ALLOCHRYSINE;100;SOLUTION INJECTABLE
TRIMEDAT;0.787;GRANULE POUR SUSPENSION BUVABLE
STREPTOCID;250;POUDRE POUR SUSPENSION BUVABLE
APIDRA;100;SOLUTION INJECTABLE
SPASFON;80 / 80;COMPRIME ENROBE
SPASFON;80 / 80;COMPRIME ENROBE
FONGICAN 150 MG;150;GELULE
COVERSYL;10;COMPRIME PELLICULE
COLIMYCINE;0.25;POUDRE POUR SUSPENSION BUVABLE
NORISTERAT;200;SOLUTION INJECTABLE
NORISTERAT;200;SOLUTION INJECTABLE
NAPROXENE PHARMA FORT;550;GELULE
BETASTENE 2 MG;2;COMPRIME DISPERSIBLE
TIM-87 0,25 %;0.25;COLLYRE
DOUCIA PLUS;NA / 27;POMMADE
MEFSAL;7.5;COMPRIME
HEXABRIX;320;SOLUTION INJECTABLE
ANAFRANIL;25;SOLUTION INJECTABLE
ICANAL;20;COMPRIME
TRITAZIDE 10MG / 12.5MG;10 / 12.5;COMPRIME SECABLE
LOVENOX;8000;SOLUTION INJECTABLE
MAZAX 100 MG;100;POUDRE POUR SUSPENSION BUVABLE
DONTOMYCINE;1.5;COMPRIME PELLICULE
TRIADOL;100;SOLUTION INJECTABLE
MAG 2;100;COMPRIME
RELPAX;20;COMPRIME ENROBE GASTRO-RESISTANT
DUOXOL;500 / 2;COMPRIME SECABLE
SEDATIF PC;;GRANULE
MYOLASTAN;50;COMPRIME PELLICULE SECABLE
PROFENID;100;SUPPOSITOIRE
ESAC 20 MG;20;GELULE
ESAC 20 MG;20;GELULE
POLYCLAR;250;COMPRIME ENROBE
PRIORIX;;PREPARATION INJECTABLE
DOLOSTOP;80;SUPPOSITOIRE
DOXORUBICINE EBEWE;50;SOLUTION POUR PERFUSION
ACNO 30 MG;31.50;CAPSULE MOLLE
ACNO 30 MG;31.50;CAPSULE MOLLE
METHOTREXATE MYLAN 50 MG/2 ML;50;SOLUTION INJECTABLE
METHOTREXATE MYLAN 50 MG/2 ML;50;SOLUTION INJECTABLE
RETACNYL;0.05;CREME
NORMOGASTRYL;170 / 285;COMPRIME EFFERVESCENT
LIFONGID 250MG;250;COMPRIME
LIFONGID 250MG;250;COMPRIME
FLUDEX;2.5;COMPRIME PELLICULE
GLYCEMAT 30 MG LM;30;COMPRIME LM
HEXABRIX;320;SOLUTION INJECTABLE
DULCILARMES;10;COLLYRE
BROXYL 0.3%;0.3;SOLUTION BUVABLE
ANZATAX;150;SOLUTION A DILUER POUR PERFUSION
ANZATAX;150;SOLUTION A DILUER POUR PERFUSION
VIAGRA;100;COMPRIME ENROBE
ALGOTROPYL 400;400 / 10;SUPPOSITOIRE
ROXID;220;SUSPENSION BUVABLE
CARBOPLATINE MYLAN;150;SOLUTION POUR PERFUSION
BISEDAL;400 / 30;GELULE
PREMOCEFAL;125;POUDRE POUR SUSPENSION BUVABLE
VOLTARENE;25;COMPRIME ENROBE GASTRO-RESISTANT
QUINOLOX;200;COMPRIME PELLICULE
OROKEN;200;COMPRIME PELLICULE
SIRDALUD;4;COMPRIME SECABLE
PRASTENOR 40MG;40;COMPRIME SECABLE
PENAMOX;125;POUDRE POUR SUSPENSION BUVABLE
ULCESTOP;800;COMPRIME DISPERSIBLE
CARBOPLATINE DBL;150;SOLUTION POUR PERFUSION
CARBOPLATINE DBL;150;SOLUTION POUR PERFUSION
TOFRANIL;25;COMPRIME ENROBE
METHOTREXATE BIODIM;25;SOLUTION INJECTABLE
MIVACRON;20;SOLUTION INJECTABLE
TOTAPEN;250;POUDRE POUR SOLUTION INJECTABLE
CYCLOMIDE NOVOPHARMA 1000 MG;1;POUDRE POUR USAGE PARENTERAL
XYLOCAINE VISQUEUSE;2;GEL BUCCAL
DISPAMOX;250;POUDRE POUR SUSPENSION BUVABLE
DAONIL;5;COMPRIME SECABLE
TIM-87 0,25 %;0.25;COLLYRE
INSULINE MIXTARD 30 HM PENFILL;100;SUSPENSION INJECTABLE INTERMEDIAIRE
VISKEN QUINZE;15;COMPRIME SECABLE
PNEUMOREL;80;COMPRIME ENROBE
CACIT VITAMINE D3;1 / 880;GRANULE EFFERVESCENT
INTRALOTINE;1;POUDRE POUR SOLUTION INJECTABLE
TEMGESIC;0.2;COMPRIME SUBLINGUAL
TAHOR;10;COMPRIME PELLICULE
DANTRON;4;SOLUTION INJECTABLE
LAROSCORBINE ZINC;1000 / 10;COMPRIME EFFERVESCENT
BUDENA;100;SUSPENSION NASALE
BUDENA;100;SUSPENSION NASALE
ACIDE SLF121;;SOLUTE CONCENTRE
KEFZOL;1;POUDRE POUR SOLUTION INJECTABLE
ACNO 20 MG;20;CAPSULE MOLLE
LORCARD;5;COMPRIME
LORCARD;5;COMPRIME
OPATAMOL;1;COLLYRE
AMPICILLINE LLORENTE;500;GELULE
MYCOSTER;8;SOLUTION POUR APPLICATION LOCALE
STIMYCINE;2.09;SOLUTION POUR APPLICATION LOCALE
REVOCIR;800;COMPRIME
DRILL TOUX SÈCHE ENF.;5;SIROP
ALKERAN 2 MG;2;COMPRIME PELLICULE
HUMALOG MIX 25;100;SUSPENSION INJECTABLE INTERMEDIAIRE
REBETOL;200;GELULE
TRITAZIDE;5 / 25;COMPRIME
TRITAZIDE;5 / 25;COMPRIME
REVLIMID 5 MG;5;GELULE
EXFORGE 5 MG/160 MG;5 / 160;COMPRIME PELLICULE
EXFORGE 5 MG/160 MG;5 / 160;COMPRIME PELLICULE
SOLIAN;200;COMPRIME SECABLE
DOLIPRANE;500;COMPRIME SECABLE
CARBACTIVE;120;GELULE
MYRIN 100;100;COMPRIME ENROBE
MYRIN 100;100;COMPRIME ENROBE
TAGAMET;200;COMPRIME PELLICULE
TAGAMET;200;COMPRIME PELLICULE
AMLOR;5;COMPRIME
FLUOCARIL BF 180;0.18;GEL DENTIFRICE
OXALIPLATINE WIN 5 MG/ML;100;POUDRE POUR SOLUTION POUR PERFUSION
ESTULIC;2;COMPRIME SECABLE
ETOPOSIDE COOPER;100;SOLUTION A DILUER POUR PERFUSION
ETOPOSIDE COOPER;100;SOLUTION A DILUER POUR PERFUSION
DUROGESIC 12 µG/H;12;DISPOSITIF TRANSDERMIQUE
CITRARGININE;1 / 0.5;SOLUTION BUVABLE
ACNO 10 MG;10;CAPSULE MOLLE
TOTAPEN;1;POUDRE POUR SOLUTION INJECTABLE
SERTRALINE GT;50;COMPRIME PELLICULE
SERTRALINE GT;50;COMPRIME PELLICULE
PHYSIOMYCINE;300;GELULE
NATEAD;;PREPARATION INJECTABLE
TEGUMA;250;COMPRIME
VASCOR LM;35;COMPRIME ENROBE LM
VASCOR LM;35;COMPRIME ENROBE LM
DIFFERINE;0.1;CREME
BIOTIC PLUS;100 / 12.5;POUDRE POUR SUSPENSION BUVABLE
IPOSEC;30;GELULE GASTRO-RESISTANTE
AMAREL;3;COMPRIME
FORTRANS;64;POUDRE POUR SOLUTION BUVABLE
FLUSTAPH;500;GELULE
VALDOXAN 25 MG;25;COMPRIME PELLICULE
ZORAC;0.05;GEL
PARANTAL 300 MG;300;GRANULE
DOCETAXEL COOPER 80 MG;80;SOLUTION A DILUER POUR PERFUSION
CHEMOSET 2MG/ML;4;SOLUTION INJECTABLE
ALGANTIL;200;COMPRIME ENROBE GASTRO-RESISTANT
GARDENAL;50;COMPRIME
VALIUM;2;COMPRIME SECABLE
ULCESTOP;400;COMPRIME EFFERVESCENT
LITAK 10;10;SOLUTION POUR INJECTION SOUS-CUTANEE OU PERFUSION IV
NEOCLAV 1 G/ 125 MG;1 / 125;POUDRE POUR SUSPENSION BUVABLE
ERY 125 MG;125;GRANULE POUR SUSPENSION BUVABLE
EPIVIR;10;SOLUTION BUVABLE
OLMETEC;20;COMPRIME PELLICULE
PHARMAFLAM;50;COMPRIME
DOCETAXEL HOSPIRA 10 MG/ML;20;SOLUTION A DILUER POUR PERFUSION
MICROPAQUE SCANNER;7.5;SUSPENSION BUVABLE OU RECTALE
DERZOL;150;GELULE
EURAX;10;CREME
DOLIPRANE;500;POUDRE POUR SOLUTION BUVABLE
CORDARONE;150;SOLUTION POUR PERFUSION
DEPAKINE CHRONO;500;COMPRIME PELLICULE SECABLE A LP
DISPAMOX 500 MG;500;POUDRE POUR SUSPENSION BUVABLE
EFFEXOR;37.5;GELULE LP
CHRONADALATE L.P;30;COMPRIME OSMOTIQUE LP
TARDYFERON;80;COMPRIME ENROBE
RELENZA;5;POUDRE POUR INHALATION
CYTARABINE EBEWE;500;SOLUTION POUR PERFUSION
FEBREX SANS SUCRE ADULTE;0.025 / 0.5 / 0.2;GRANULE POUR SOLUTION BUVABLE
FUNGIZONE;10;SUSPENSION BUVABLE
AMCARD;5;COMPRIME
IPOSEC;30;GELULE GASTRO-RESISTANTE
ARES;250;COMPRIME PELLICULE
WELLBUTRIN XR 300 MG;300;COMPRIME PELLICULE LM
WELLBUTRIN XR 300 MG;300;COMPRIME PELLICULE LM
CANAFLUCAN;50;GELULE
CANAFLUCAN;50;GELULE
TRIFAX;2;POUDRE POUR PERFUSION
BICARBONATE SLF91;;SOLUTE CONCENTRE
SURGESTONE;0.5;COMPRIME
SURGESTONE;0.5;COMPRIME
LAROXYL;4;SOLUTION POUR GOUTTES BUVABLES
LAROXYL;4;SOLUTION POUR GOUTTES BUVABLES
ACNO 10 MG;10;CAPSULE MOLLE
DEFLAZACORTE GT 30 MG;30;COMPRIME SECABLE
TIMOPTOL LP;0.5;COLLYRE LP
MOLGAM 100 MG;100;COMPRIME
TRAMAL;100;SUPPOSITOIRE
VEINAMITOL;3500;POUDRE POUR SOLUTION BUVABLE
LODOZ;2.5 / 6.25;COMPRIME PELLICULE
TIBERAL;500;COMPRIME ENROBE
MAXICLAV;1 / 125;POUDRE POUR SUSPENSION BUVABLE
PONSTYL;500;SUPPOSITOIRE
TARGOCID;400;POUDRE POUR SOLUTION INJECTABLE
BERLOCID 960;800 / 160;COMPRIME
OSMOTAN G 5%;50 / 4;SOLUTION POUR PERFUSION
SK-F 12;;SOLUTE CONCENTRE
OPTICILLINE;1;POUDRE POUR USAGE PARENTERAL
CARBOPLATINE COOPER;450;SOLUTION POUR PERFUSION
CARBOPLATINE COOPER;450;SOLUTION POUR PERFUSION
DEXAMETHASONE MYLAN;20;SOLUTION INJECTABLE
APETINE;40;SIROP
ATROVENT;0.5;SOLUTION POUR INHALATION PAR NEBULISEUR
ATROVENT;0.5;SOLUTION POUR INHALATION PAR NEBULISEUR
AMOXIL;1;COMPRIME DISPERSIBLE
DIFAL 1 %;1;GEL
AMCARD;10;COMPRIME
TRIMEDAT;150;GELULE
S-CITAP 10 MG;10;COMPRIME PELLICULE
DOXYMYCINE;100;COMPRIME DISPERSIBLE
ZIDOVIR;100;GELULE
ZYLORIC;100;COMPRIME
ZYLORIC;100;COMPRIME
YAZ;0.02 / 3;COMPRIME PELLICULE
INFERON;9;SOLUTION INJECTABLE
FLUCONAZOLE WIN 150 MG;150;GELULE
FLUCONAZOLE WIN 150 MG;150;GELULE
RISPERDALORO 4 MG;4;COMPRIME ORODISPERSIBLE
CUROSURF 120 MG;120;SUSPENSION POUR INSTILLATION ENDOTRACHEO-BRONCHIQUE
CUROSURF 120 MG;120;SUSPENSION POUR INSTILLATION ENDOTRACHEO-BRONCHIQUE
LUVERIS 75 UI;75;PREPARATION INJECTABLE
LUVERIS 75 UI;75;PREPARATION INJECTABLE
SULFOBACTIN;500;COMPRIME
CLAMOXYL;250;COMPRIME DISPERSIBLE
ELOXATINE 5 MG/ML;100;POUDRE POUR SOLUTION POUR PERFUSION
MYCOPHARM;100000;SUSPENSION BUVABLE
TRIACEPHINE PHARMA5;500;PREPARATION PARENTERALE
SUTENT;50;GELULE
CLAVAM;100 / 12.5;POUDRE POUR SUSPENSION BUVABLE
DOMPELIUM 10 MG;10;COMPRIME PELLICULE
SEPTAZIDE;200;GELULE
LAMICTAL;100;COMPRIME DISPERSIBLE
LOWRAC;5;GELULE
LOXEN LP;50;GELULE LP
FRAXIPARINE;3800;SOLUTION INJECTABLE
STRESAM;50;GELULE
BICALUTAMIDE GT;50;COMPRIME PELLICULE
BICALUTAMIDE GT;50;COMPRIME PELLICULE
DERMOVAL;0.05;CREME
CARBOXYL;5;SIROP
YRANOL EUGENOL;4.1;SOLUTION POUR APPLICATION LOCALE
EFFIPRED;20;COMPRIME EFFERVESCENT
CEZIN;10;COMPRIME
CEZIN;10;COMPRIME
NOVOCLIN;1 / 125;POUDRE POUR SUSPENSION BUVABLE
CYCLO 3;1.5 / 100;SOLUTION BUVABLE
HEXABRIX;160;SOLUTION INJECTABLE
POTEX;1000;POUDRE POUR SOLUTION INJECTABLE
NITROGLICERINE PH&T 5 MG/ML;5;SOLUTION INJECTABLE POUR PERFUSION
NITROGLICERINE PH&T 5 MG/ML;5;SOLUTION INJECTABLE POUR PERFUSION
PERVITAL;4;COMPRIME
SOLIAN 400 MG;400;COMPRIME PELLICULE SECABLE
SOLIAN 400 MG;400;COMPRIME PELLICULE SECABLE
ACLAV;500 / 62.5;POUDRE POUR SUSPENTION BUVABLE
HEXTRIL;0.1;SOLUTION POUR BAIN DE BOUCHE
HEXTRIL;0.1;SOLUTION POUR BAIN DE BOUCHE
HIPOTENSIL;25;COMPRIME
CHAMPIX;1;COMPRIME PELLICULE
GALIRENE;0.15 / 0.4;SOLUTION BUVABLE
OSPAMOX;250;GRANULE POUR SUSPENSION BUVABLE
FIXICAL;500;COMPRIME A CROQUER
TRIACEPHINE PHARMA5;500;PREPARATION PARENTERALE
TUNELUZ;20;GELULE
TRAMIUM 200MG;200;GELULE LP
TRAMIUM 200MG;200;GELULE LP
EXJADE;250;COMPRIME DISPERSIBLE
EXJADE;250;COMPRIME DISPERSIBLE
NEOCLAV 500 MG /62.5 MG;500 / 62.5;POUDRE POUR SUSPENSION BUVABLE
NEOCLAV 500 MG/ 62.5 MG;500 / 62.5;POUDRE POUR SUSPENSION BUVABLE
BIOMOX;1;COMPRIME DISPERSIBLE
CLAMOXYL;250;POUDRE POUR SUSPENSION BUVABLE
RHINATHIOL ADULTES EXPECTORANT;5;SIROP
SKINOSONE;0.05;CREME
DOTAREM;0.5;SOLUTION INJECTABLE
FLOXAM;1;PREPARATION INJECTABLE
MOPRAL;40;LYOPHILISAT POUR PERFUSION
SEREVENT;25;SUSPENSION POUR INHALATION
FELDENE;20;COMPRIME DISPERSIBLE
ALDOMET;500;COMPRIME ENROBE
SPECTRUM 750;750;COMPRIME PELLICULE
CHLORURE DE SODIUM LAPROPHAN;0.9;SOLUTION POUR PERFUSION
CRONODINE LP;240;GELULE LP
SKINOSONE NEOMYCINE;0.05 / 0.5;POMMADE
MYCODERME 1%;1;POUDRE POUR APPLICATION LOCALE
LEVAMOX;500 / 62.5;COMPRIME EFFERVESCENT
BUTOVENT 4 MG;4;COMPRIME SECABLE
SAFLU;50 / 25;SUSPENSION POUR INHALATION
ALGIXENE;500;SUPPOSITOIRE
LANPROL;30;GELULE
PENICILLINE G 0,5 MEG;0.5;POUDRE POUR SOLUTION INJECTABLE
FLOXAM;500;PREPARATION INJECTABLE
NEOXIDIL;2;SOLUTION POUR APPLICATION LOCALE
ULCAR;1;COMPRIME SECABLE
BIGUAN 850;850;COMPRIME
SPIBAC 1.5 MUI;1.5;COMPRIME PELLICULE
HIPERDINE;20;COMPRIME
PUREGON;50;POUDRE POUR SOLUTION INJECTABLE
AMOVAS;5;COMPRIME
VOMISTOP 10 MG;10;COMPRIME
EUPANTOL 20 MG;20;COMPRIME GASTRO-RESISTANT
RANTUDIL FORT;60;GELULE
ROVAMYCINE;0.75;COMPRIME PELLICULE
VANCOMYCINE MYLAN;1;POUDRE POUR PERFUSION
LEVOTHYROX;25;COMPRIME SECABLE
ISOPRINOSINE;5;SIROP
GONIOSOL;1.3;COLLYRE
CIALIS;20;COMPRIME PELLICULE
POLYGYNAX;35000 / 100000;CAPSULE VAGINALE
STIEVAMYCINE;0.05 / 4;GEL
NOVOCLIN 500MG/62.5MG;500 / 62.5;POUDRE POUR SUSPENSION BUVABLE
TIEMOZYL;150 / 25;GELULE
TRAVATAN;40;COLLYRE
NORMATENS;100;COMPRIME
MODOPAR;100 / 25;GELULE
NOVEX;2000;SOLUTION INJECTABLE
VOLTARENE;12.5;SUPPOSITOIRE
TAHOR;20;COMPRIME PELLICULE
ARCALION;200;COMPRIME ENROBE
CORTOFTAL;0.1;COLLYRE
SPASFON LYOC;80;LYOPHILISAT ORAL
SPASFON LYOC;80;LYOPHILISAT ORAL
CLAMOXYL;500;GELULE
SANDIMMUN;50;SOLUTION POUR PERFUSION
HERPEVIR;800;COMPRIME
SOLUBACTER;1;SOLUTION POUR APPLICATION LOCALE
SOLUBACTER;1;SOLUTION POUR APPLICATION LOCALE
NEUROBION;100 / 100;SOLUTION INJECTABLE
NEUROBION;100 / 100;SOLUTION INJECTABLE
AGRIPPAL VACCIN;;SUSPENSION INJECTABLE
APACEF;1;POUDRE POUR SOLUTION INJECTABLE
MEGASFON;150 / 150;SUPPOSITOIRE
AVT;200 / 2.5;SUPPOSITOIRE
ALDOPA;250;COMPRIME
ACTIFED;0.025 / 0.5;SOLUTION BUVABLE
PARANTAL;1;COMPRIME EFFERVESCENT
PARADEX;400 / 30;GELULE
PANADOL;500;COMPRIME PELLICULE SECABLE
FOSAVANCE;70 / 2800;COMPRIME
TIMABAK;0.5;COLLYRE
ENGERIX-B (PEDIATRIQUE);;PREPARATION INJECTABLE
ALTIAZEM;60;COMPRIME SECABLE
FRAXODI;15200;SOLUTION INJECTABLE
MELIX;5;COMPRIME
NEOMOX;500;POUDRE POUR SUSPENSION BUVABLE
RESINSODIO;99.75;POUDRE POUR SUSPENSION BUVABLE
OLOXINE;200;COMPRIME PELLICULE
TRIAXON 1G I.V.;1;POUDRE POUR SOLUTION INJECTABLE
TIMO-COMOD;0.25;COLLYRE
AXIMYCINE;250;COMPRIME DISPERSIBLE
VASCOR;20;SOLUTION POUR GOUTTES BUVABLES
RHESONATIV 625 UI/ML;;SOLUTION INJECTABLE I.M.
TAHOR;20;COMPRIME PELLICULE
DELAPRIDE;30 / 2.5;COMPRIME
DELAPRIDE;30 / 2.5;COMPRIME
CONVERTAL;25;COMPRIME
SUPPOSEDAL ENFANT;20/20/10;SUPPOSITOIRE
GIROFLOX;250;COMPRIME PELLICULE
TEGUMA;250;COMPRIME
TEGUMA;250;COMPRIME
FLOTRAL;10;COMPRIME LP
LODOZ;5 / 6.25;COMPRIME PELLICULE
ALFACAR;500;COMPRIME
CAVERJECT;20;POUDRE POUR SOLUTION INJECTABLE
VOGASET;4;SOLUTION A DILUER POUR PERFUSION
TRIBUTINE;150;POUDRE POUR SUSPENSION BUVABLE
PRISDAL;1;COMPRIME PELLICULE
PRISDAL;1;COMPRIME PELLICULE
TRI-MINULET;0.05 / 0.03;COMPRIME ENROBE
UROXINE;200;COMPRIME
PRIMOLUT-NOR;10;COMPRIME SECABLE
OKA-PACLITAXEL;30;SOLUTION A DILUER POUR PERFUSION
RIFAMPICINE PHARMA;2;SUSPENSION BUVABLE
XANTHIUM LP;400;GELULE LP
STILNOX CR;6.25;COMPRIME PELLICULE SECABLE
ZOTROL;100;COMPRIME SECABLE
AGLIM 3 MG;3;COMPRIME
HOMEOPATHIQUES UNITAIRES;;GRANULE
MAZAX 200 MG / 5 ML;200;POUDRE POUR SUSPENSION BUVABLE
ZITHROMAX;200;POUDRE POUR SUSPENSION BUVABLE
TUSSIFED;0.025 / 0.2;SOLUTION BUVABLE
PREMOCEFAL;1;COMPRIME
KETODERM;2;GEL
LOPERIUM;2;GELULE
NEOMOX;500;POUDRE POUR SUSPENSION BUVABLE
FLUOXET;20;GELULE
BICARBONATE SLF186;;SOLUTE CONCENTRE
XENETIX 350;76.78;SOLUTION INJECTABLE
ZINNAT;250;SUSPENSION BUVABLE
GENTA;40;SOLUTION INJECTABLE
PERIDYS;1;SUSPENSION BUVABLE
TAXOTERE 80 MG/2 ML;80;SOLUTION A DILUER POUR PERFUSION
CARVEDILOL GT;6.25;COMPRIME SECABLE
ERBITUX 5 MG/ML;5;SOLUTION POUR PERFUSION
ERBITUX 5 MG/ML;5;SOLUTION POUR PERFUSION
ROXOLID;150;COMPRIME SECABLE
THIOTEPA;15;POUDRE POUR USAGE PARENTERAL
GENTOSYL;80;SOLUTION INJECTABLE
ASCABIOL;10 / 2;LOTION
VIAGRA;25;COMPRIME ENROBE
RISPERDALORO 2 MG;2;COMPRIME ORODISPERSIBLE
FLUTAM;250;COMPRIME
VOLTARENE;50;COMPRIME ENROBE GASTRO-RESISTANT
OVESTIN;1;COMPRIME SECABLE
ZITHROMAX;200;POUDRE POUR SUSPENSION BUVABLE
NEOMOX;1;COMPRIME DISPERSIBLE
STAPHYPEN;500;POUDRE POUR USAGE PARENTERAL
TROPHIRES ENFANTS;75 / 190;SUPPOSITOIRE
DOLIPRANE;500;COMPRIME ORODISPERSIBLE
STALEVO 100/25/200 MG;200 / 100 / 27.50;COMPRIME PELLICULE
STILNOX CR;6.25;COMPRIME PELLICULE SECABLE
AXIMYCINE;500;COMPRIME DISPERSIBLE
MEFSAL;7.5;COMPRIME
MEFSAL;15;COMPRIME SECABLE
ACLAV;500 / 62.5;POUDRE POUR SUSPENTION BUVABLE
ACLAV;500 / 62.5;POUDRE POUR SUSPENTION BUVABLE
PIMLO 10 MG;10;COMPRIME
PIMLO 10 MG;10;COMPRIME
EQUORAL;25;CAPSULE MOLLE
CELLCEPT;250;GELULE
PENAMOX;125;POUDRE POUR SUSPENSION BUVABLE
IRESSA 250 MG;250;COMPRIME PELLICULE
FLEXEN IM;100;POUDRE POUR SOLUTION INJECTABLE
ACLAV;100 / 12.5;POUDRE POUR SUSPENSION BUVABLE
HOMEOPTIC;;COLLYRE
GENTAMEN 40;40;SOLUTION INJECTABLE
CLOFENE;75;SOLUTION INJECTABLE
AZIBAC;500;COMPRIME PELLICULE
TAGAMET;800;COMPRIME EFFERVESCENT
TAGAMET;800;COMPRIME EFFERVESCENT
DIFAL;25;COMPRIME ENROBE
MAGNEVIST;469.01 / 0.99;SOLUTION INJECTABLE
SYNFLORIX;;SUSPENSION INJECTABLE
SYNFLORIX;;SUSPENSION INJECTABLE
STAPHYPEN;125;POUDRE POUR SUSPENSION BUVABLE
ALFAMOX;125;POUDRE POUR SUSPENSION BUVABLE
ALFAMOX;125;POUDRE POUR SUSPENSION BUVABLE
SULRID;50;COMPRIME
SPASFON;150 / 150;SUPPOSITOIRE
SPASFON;150 / 150;SUPPOSITOIRE
RAMIPRIL/HCTZ GT;5 / 25;COMPRIME
CIPROXINE;400;SOLUTION POUR PERFUSION
PARANTAL;250;SUPPOSITOIRE
GRISEO;500;COMPRIME
BUTAMYL;2;COMPRIME
ULCEMAT;400;COMPRIME
CLAVAM;100 / 12.5;POUDRE POUR SUSPENSION BUVABLE
PARA SPECIAL POUX;1.8 / 7.2;SOLUTION POUR APPLICATION LOCALE
ALLERGODIL;0.127;SOLUTION POUR PULVERISATION NASALE
AMOXIL;250;COMPRIME DISPERSIBLE
TRIELLA;0.5 / 35;COMPRIME
PACLITAXEL PHARMACHEMIE 6MG/ML;300;CONCENTRE POUR SOLUTION POUR PERFUSION
TRETACNE;20;CAPSULE MOLLE
ALFAPROXINE;250;COMPRIME PELLICULE
ALFAPROXINE;250;COMPRIME PELLICULE
ONIFINE 1%;1;CREME
PLASTENAN NEO;5 / 400000;POMMADE
AMIKACINE MYLAN;250;POUDRE POUR SOLUTION INJECTABLE
DISORLON;20;GELULE LP
MIVACRON;10;SOLUTION INJECTABLE
NOVEX;4000;SOLUTION INJECTABLE
RADIOSELECTAN URINAIRE ET VASCULAIRE;76;SOLUTION INJECTABLE
LAMIVIR;150;COMPRIME
LAMIVIR;150;COMPRIME
GLUCOSE 5% SOTHEMA;5;SOLUTION POUR PERFUSION
ZANIDIP;10;COMPRIME ENROBE SECABLE
MINIDRIL;0.15 / 0.03;COMPRIME ENROBE
POLYDEXA;0.65 / 1;SOLUTION POUR PULVERISATION NASALE
MILIPREL;3;COMPRIME
GLUCOSE 10 % SOTHEMA;10;SOLUTION POUR PERFUSION
STREPTOCID;500;COMPRIME DISPERSIBLE
ZAVEDOS;5;POUDRE POUR SOLUTION POUR PERFUSION
LARMABAK;90;COLLYRE
ABILIFY 10 MG;10;COMPRIME
VANCOMYCINE MYLAN;125;POUDRE POUR PERFUSION
CISPLATINE MYLAN;50;SOLUTION POUR PERFUSION
NIMBEX;10;SOLUTION INJECTABLE
CEFTRIAXONE MYLAN 1G/10ML;1;POUDRE POUR SOLUTION INJECTABLE
HALOPERIDOL;5;SOLUTION INJECTABLE
NIZORAL;200;COMPRIME SECABLE
CARBOPLATINE COOPER;150;SOLUTION POUR PERFUSION
CARBOPLATINE COOPER;150;SOLUTION POUR PERFUSION
VARILRIX;;SUSPENSION POUR INJECTION
FORADIL;12;GELULE INHALEE
PULMICORT;200;SUSPENSION POUR INHALATION
LACINE;50;COMPRIME ENROBE SECABLE
METFORMINE WIN 850 MG;850;COMPRIME PELLICULE SECABLE
METFORMINE WIN 850 MG;850;COMPRIME PELLICULE SECABLE
BIOGAZE HN PM;85.55 / 56.55;COMPRESSE IMPREGNEE
ACIVIR;200;COMPRIME
VOTRIENT 200 MG;200;COMPRIME PELLICULE
PROVIRON;25;COMPRIME
CANAFLUCAN;150;GELULE
RANIMAT;150;COMPRIME
MIBRAL;5;COMPRIME
CLAVULIN;500 / 125;POUDRE POUR SUSPENSION BUVABLE
ANDOL C 500 MG/300 MG;500 / 300;COMPRIME EFFERVESCENT
SOLICAM;20;GELULE
ANZATAX;30;SOLUTION A DILUER POUR PERFUSION
CLARITYNE;5;SIROP
ESIDREX;25;COMPRIME SECABLE
GLYSET;3;COMPRIME
DOSTINEX;0.5;COMPRIME
INALER;100;SUSPENSION POUR INHALATION BUCCALE
INALER;100;SUSPENSION POUR INHALATION BUCCALE
RIACEN;20;SOLUTION INJECTABLE
STATOR 10 MG;10;COMPRIME ENROBE
STATOR 10 MG;10;COMPRIME ENROBE
SERDEP 20 MG;20;GELULE
LIFONGID;1;SOLUTION POUR APPLICATION LOCALE
ANZATAX;30;SOLUTION A DILUER POUR PERFUSION
FLUGIZOL;50;GELULE
INTRALGIS;200;COMPRIME PELLICULE
ADALATE;10;CAPSULE
HIBOR 5000 UI ANTI XA;5000;SOLUTION INJECTABLE
METHYLPREDNISOLONE MYLAN;500;POUDRE POUR SOLUTION INJECTABLE IV
CORYSALIA;;COMPRIME ENROBE
VIRECTIL 50 MG;50;COMPRIME PELLICULE
BICARBONATE SLF364;;SOLUTE CONCENTRE
DAKTARIN;2;GEL
AMAREL;2;COMPRIME
NETROMICINE;100;SOLUTION INJECTABLE
LIFONGID;1;SOLUTION POUR APPLICATION LOCALE
COVERAM 10MG/10MG;10 / 10;COMPRIME
NICOPATCH;21;DISPOSITIF TRANSDERMIQUE
MEDIZAPIN 2.5MG;2.5;COMPRIME PELLICULE
MEDIZAPIN 2.5MG;2.5;COMPRIME PELLICULE
VENULA 200MG;200;GELULE
VENULA 200MG;200;GELULE
XATRAL LP;10;COMPRIME LP
SEVREDOL;20;COMPRIME PELLICULE SECABLE
ARIXTRA 5 MG/0.4 ML;5;SOLUTION INJECTABLE
PERDEX LP;1.5;COMPRIME PELLICULE LP
BRONCHOFLUIDE SANS SUCRE;5;SOLUTION BUVABLE
VACC.D.T.C.P;;SUSPENSION INJECTABLE
AVELOX;400;SOLUTION POUR PERFUSION
PEP-RANI;50;SOLUTION INJECTABLE
PEP-RANI;50;SOLUTION INJECTABLE
MADOPAR;200 / 50;COMPRIME QUADRISECABLE
GENTAGAM 160;160;SOLUTION INJECTABLE
EXTENCILLINE;0.6;POUDRE POUR SUSPENSION INJECTABLE
ARGENT COLLOIDAL 5%;5;POMMADE
CORTANCYL;20;COMPRIME
NEORAL;50;CAPSULE MOLLE
NEO-MERCAZOLE;5;COMPRIME SECABLE
ACLAV;100 / 12.5;POUDRE POUR SUSPENSION BUVABLE
LOXEN;10;SOLUTION INJECTABLE
VOXCIB 100 MG;100;GELULE
AZILIDE;500;COMPRIME PELLICULE
RISPERDALORO 1 MG;1;COMPRIME ORODISPERSIBLE
ANTETAL VACCIN;;PREPARATION INJECTABLE
PROFENID;100;COMPRIME PELLICULE
ALFAPROXINE;500;COMPRIME PELLICULE
SUFENTA 50 µG / 10 ML;50;SOLUTION INJECTABLE
TRISIUM;400 / 80 / 4;COMPRIME
DICLOBERL;100;SUPPOSITOIRE
PREZAR;50;COMPRIME PELLICULE SECABLE
ULTRAVIST;370;SOLUTION INJECTABLE
INSULINE ACTRAPID HM;100;SOLUTION INJECTABLE
ROFERON-A;3;PREPARATION INJECTABLE
BRONCOLIBER;120;GELULE
CLOPRAME;10;SUPPOSITOIRE
TIMO-COMOD;0.5;COLLYRE
UNASYN INJECTABLE (IV) 500 MG/250 MG;500 / 250;POUDRE POUR USAGE PARENTERAL
ROXOLID;300;COMPRIME SECABLE
TOPSYNE NEOMYCINE;50 / 500;POMMADE
EXOMUC;200;GRANULE POUR SOLUTION BUVABLE
EXACYL;0.5;SOLUTION INJECTABLE
PIROXAM;20;GELULE
ADALATE RETARD;20;COMPRIME LP
ISKEDYL;30 / 240;SOLUTION POUR GOUTTES BUVABLES
TRIACEPHINE PHARMA5;2;POUDRE POUR PERFUSION
OROTREX;20;CAPSULE MOLLE
ENOXOR;200;COMPRIME PELLICULE
GYNODAKTARIN;400;CAPSULE MOLLE VAGINALE
MUTESA;0.187 / 1.35 / 3.8;SUSPENSION BUVABLE
ONCOVIN;1;SOLUTION INJECTABLE
REVOLADE 50MG;50;COMPRIME PELLICULE
AMOXICILLINE LLORENTE;500;GELULE
FELDENE;20;SOLUTION INJECTABLE
SUTENT;12.5;GELULE
ORAPRED;20;COMPRIME EFFERVESCENT SECABLE
ORAPRED;20;COMPRIME EFFERVESCENT SECABLE
PRIMPERAN;10;SOLUTION INJECTABLE
PRIMPERAN;10;SOLUTION INJECTABLE
KALIEFF;14;COMPRIME EFFERVESCENT
LAROXYL;25;COMPRIME PELLICULE
LAROXYL;25;COMPRIME PELLICULE
XENETIX 300;65.81;SOLUTION INJECTABLE
KLIACEF;250;GRANULE POUR SUSPENSION BUVABLE
SANDOCAL;500;POUDRE POUR SUSPENSION BUVABLE
ZENTEL;4;SUSPENSION BUVABLE
SEPCEN 750 MG;750;COMPRIME
LOCACID;15;SOLUTION POUR APPLICATION LOCALE
PANALGIC;500 / 50;COMPRIME EFFERVESCENT
DICLOBERL;50;COMPRIME GASTRO-RESISTANT
KEPPRA;250;COMPRIME PELLICULE SECABLE
CORACTEN;20;GELULE LP
CLOPRAME;10;SOLUTION INJECTABLE
STIEVAMYCINE;0.01 / 4;GEL
THERALENE;2.5;SIROP
FLAMMAZINE;1;CREME
TRICOVIVAX;5;SOLUTION POUR APPLICATION LOCALE
PRAMIDOL;0.26;SOLUTION POUR GOUTTES BUVABLES
BETNEVAL;0.1;CREME
REMOX;1;CREME
SILDENAFIL WIN 50 MG;50;COMPRIME PELLICULE
SILDENAFIL WIN 50 MG;50;COMPRIME PELLICULE
TELEBRIX 35;65.09 / 9.66;SOLUTION INJECTABLE
ADEPAL;0.15 / 0.03;COMPRIME ENROBE
LUDIOMIL;25;DRAGEE
AEROMAX;100;SUSPENSION POUR PULVERISATION NASALE
FLIXOTIDE DISKUS;500;SUSPENSION POUR INHALATION
ROXAM;20;SUPPOSITOIRE
ELVORINE;12.5;COMPRIME
PRAXILENE 100;100;GELULE
UFT;100 / 224;GELULE
CIFLOXINE;250;COMPRIME ENROBE
UTROGESTAN;200;CAPSULE MOLLE ORALE OU VAGINALE
UTROGESTAN;200;CAPSULE MOLLE ORALE OU VAGINALE
DYSPORT;500;POUDRE POUR SOLUTION INJECTABLE
IRINOTECAN COOPER;100;SOLUTION A DILUER POUR PERFUSION
IRINOTECAN COOPER;100;SOLUTION A DILUER POUR PERFUSION
REDLIP;40;COMPRIME ENROBE SECABLE
REDLIP;40;COMPRIME ENROBE SECABLE
PENTAXIM;;PREPARATION INJECTABLE
MONONITRIL;20;COMPRIME SECABLE
REDLIP;40;COMPRIME ENROBE SECABLE
REDLIP;40;COMPRIME ENROBE SECABLE
MEDIZAPIN;10;COMPRIME PELLICULE
CIFLOXINE;250;COMPRIME ENROBE GASTRO-RESISTANT
MYCOFLU;50;GELULE
SAFLU;125 / 25;SUSPENSION POUR INHALATION
PRISDAL;2;COMPRIME PELLICULE
PRISDAL;2;COMPRIME PELLICULE
CORALAN;5;COMPRIME PELLICULE SECABLE
SIFROL 0.52 MG;0.52;COMPRIME LP
CUROSURF 240 MG;240;SUSPENSION POUR INSTILLATION ENDOTRACHEO-BRONCHIQUE
CUROSURF 240 MG;240;SUSPENSION POUR INSTILLATION ENDOTRACHEO-BRONCHIQUE
RULID;150;COMPRIME PELLICULE
DI-INDO;50;SUPPOSITOIRE
NORDAZ 15 MG;15;COMPRIME QUADRISECABLE